GROUP,PACKAGE,CLASS,INSTRUCTION_MISSED,INSTRUCTION_COVERED,BRANCH_MISSED,BRANCH_COVERED,LINE_MISSED,LINE_COVERED,COMPLEXITY_MISSED,COMPLEXITY_COVERED,METHOD_MISSED,METHOD_COVERED,Statement_Coverage,Branch_Coverage,Complexity,Rank.N,Rank.O,Rank.P,D*2(Q&R),D*2 (Q&S),D*2 (R&S)
Apache Commons Collections,org.apache.commons.collections4.keyvalue,TiedMapEntry,3,106,5,17,1,21,5,13,0,7,0.972477064,0.772727273,18,169,79,174.5,8100,30.25,9120.25
Apache Commons Collections,org.apache.commons.collections4.keyvalue,AbstractMapEntry,2,68,3,17,1,12,3,11,0,4,0.971428571,0.85,14,167,95.5,132.5,5112.25,1190.25,1369
Apache Commons Collections,org.apache.commons.collections4.keyvalue,MultiKey,0,195,0,12,0,37,0,20,0,14,1,1,20,219.5,204,188,240.25,992.25,256
Apache Commons Collections,org.apache.commons.collections4.keyvalue,DefaultKeyValue,3,111,5,19,1,24,5,16,0,9,0.973684211,0.791666667,21,171,81,193.5,8100,506.25,12656.25
Apache Commons Collections,org.apache.commons.collections4.keyvalue,AbstractMapEntryDecorator,11,36,2,2,3,11,3,7,1,7,0.765957447,0.5,10,54,29,92,625,1444,3969
Apache Commons Collections,org.apache.commons.collections4.splitmap,TransformedSplitMap,24,94,3,5,7,23,5,10,2,9,0.796610169,0.625,15,64,47.5,142,272.25,6084,8930.25
Apache Commons Collections,org.apache.commons.collections4.splitmap,AbstractIterableGetMapDecorator,17,59,1,1,4,17,4,13,3,13,0.776315789,0.5,17,58,28.5,162,870.25,10816,17822.25
Apache Commons Collections,org.apache.commons.collections4.collection,AbstractCollectionDecorator,3,100,0,6,2,25,1,22,1,19,0.970873786,1,23,162,199.5,198,1406.25,1296,2.25
Apache Commons Collections,org.apache.commons.collections4.collection,TransformedCollection,0,103,1,7,0,21,1,10,0,7,1,0.875,11,214,97,107.5,13689,11342.25,110.25
Apache Commons Collections,org.apache.commons.collections4.collection,IndexedCollection,6,207,1,21,1,55,2,25,1,15,0.971830986,0.954545455,27,163,141.5,209.5,462.25,2162.25,4624
Apache Commons Collections,org.apache.commons.collections4.collection,UnmodifiableBoundedCollection,29,75,5,9,7,21,7,13,2,11,0.721153846,0.642857143,20,42,52,183.5,100,20022.25,17292.25
Apache Commons Collections,org.apache.commons.collections4.collection,PredicatedCollection,0,84,0,8,0,18,0,9,0,5,1,1,9,211.5,196,77,240.25,18090.25,14161
Apache Commons Collections,org.apache.commons.collections4.collection,CompositeCollection,50,337,1,41,14,83,7,39,6,19,0.870801034,0.976190476,46,89,142,228,2809,19321,7396
Apache Commons Collections,org.apache.commons.collections4.collection,SynchronizedCollection,5,228,2,8,1,48,2,23,0,20,0.978540773,0.8,25,165,78.5,202,7482.25,1369,15252.25
Apache Commons Collections,org.apache.commons.collections4.collection,UnmodifiableCollection,0,45,0,2,0,13,0,10,0,9,1,1,10,209,193.5,90.5,240.25,14042.25,10609
Apache Commons Collections,org.apache.commons.collections4.comparators,TransformingComparator,27,90,10,10,3,19,9,6,1,4,0.769230769,0.5,15,53,28,138.5,625,7310.25,12210.25
Apache Commons Collections,org.apache.commons.collections4.comparators,ReverseComparator,8,46,2,6,3,12,3,6,1,4,0.851851852,0.75,9,76.5,68,76.5,72.25,0,72.25
Apache Commons Collections,org.apache.commons.collections4.comparators,BooleanComparator,7,79,1,13,1,17,2,15,1,9,0.918604651,0.928571429,17,109,129.5,156.5,420.25,2256.25,729
Apache Commons Collections,org.apache.commons.collections4.comparators,ComparableComparator,0,33,1,5,0,8,1,8,0,6,1,0.833333333,9,205.5,81.5,76,15376,16770.25,30.25
Apache Commons Collections,org.apache.commons.collections4.comparators,FixedOrderComparator,69,320,22,44,6,57,20,26,0,12,0.822622108,0.666666667,46,65,53,221.5,144,24492.25,28392.25
Apache Commons Collections,org.apache.commons.collections4.comparators,NullComparator,41,65,12,12,6,17,13,6,3,4,0.613207547,0.5,19,26,27.5,171,2.25,21025,20592.25
Apache Commons Collections,org.apache.commons.collections4.comparators,ComparatorChain,70,219,15,27,19,58,18,21,6,12,0.757785467,0.642857143,39,49,49.5,213,0.25,26896,26732.25
Apache Commons Collections,org.apache.commons.collections4.sequence,SequencesComparator,5,558,3,79,1,79,3,44,0,6,0.991119005,0.963414634,47,163,133,220.5,900,3306.25,7656.25
Apache Commons Collections,org.apache.commons.collections4.sequence,ReplacementsFinder,65,0,4,0,17,0,6,0,4,0,0,0,6,2.5,5,37,6.25,1190.25,1024
Apache Commons Collections,org.apache.commons.collections4.sequence,EditScript,3,69,0,2,1,19,1,7,1,6,0.958333333,1,8,137,184,62.5,2209,5550.25,14762.25
Apache Commons Collections,org.apache.commons.collections4.trie.analyzer,StringKeyAnalyzer,15,174,10,24,4,36,11,14,1,7,0.920634921,0.705882353,25,108,54.5,193.5,2862.25,7310.25,19321
Apache Commons Collections,org.apache.commons.collections4.bag,AbstractMapBag,15,624,8,74,3,163,8,60,0,27,0.976525822,0.902439024,68,155,108,224,2209,4761,13456
Apache Commons Collections,org.apache.commons.collections4.bag,AbstractMapBag.BagIterator,4,112,1,13,1,26,1,10,0,4,0.965517241,0.928571429,11,145,122,101,529,1936,441
Apache Commons Collections,org.apache.commons.collections4.bag,UnmodifiableSortedBag,12,61,0,2,3,19,3,12,3,11,0.835616438,1,15,66,180.5,133,13110.25,4489,2256.25
Apache Commons Collections,org.apache.commons.collections4.bag,TransformedSortedBag,48,23,8,0,8,6,6,5,2,5,0.323943662,0,11,8,4.5,100.5,12.25,8556.25,9216
Apache Commons Collections,org.apache.commons.collections4.bag,TransformedBag,0,87,3,5,0,16,3,9,0,8,1,0.625,12,194,42,108.5,23104,7310.25,4422.25
Apache Commons Collections,org.apache.commons.collections4.bag,AbstractMapBag.MutableInteger,18,6,4,0,4,3,4,1,2,1,0.25,0,5,5,4,21.5,1,272.25,306.25
Apache Commons Collections,org.apache.commons.collections4.bag,TreeBag,14,71,1,3,5,17,3,9,2,8,0.835294118,0.75,12,63,59.5,107,12.25,1936,2256.25
Apache Commons Collections,org.apache.commons.collections4.bag,CollectionBag,11,134,3,21,2,42,3,20,0,11,0.924137931,0.875,23,107.5,82.5,180.5,625,5329,9604
Apache Commons Collections,org.apache.commons.collections4.bag,CollectionSortedBag,11,134,3,21,2,42,3,20,0,11,0.924137931,0.875,23,107,82,180,625,5329,9604
Apache Commons Collections,org.apache.commons.collections4.bag,UnmodifiableBag,12,63,0,2,3,20,3,12,3,11,0.84,1,15,63,174,128.5,12321,4290.25,2070.25
Apache Commons Collections,org.apache.commons.collections4.trie,AbstractPatriciaTrie.RangeEntryMap,43,134,10,24,7,30,11,16,1,9,0.757062147,0.705882353,27,45,51,188,36,20449,18769
Apache Commons Collections,org.apache.commons.collections4.trie,AbstractPatriciaTrie.PrefixRangeEntrySet,0,81,0,6,0,15,0,6,0,3,1,1,6,187.5,172.5,35.5,225,23104,18769
Apache Commons Collections,org.apache.commons.collections4.trie,AbstractPatriciaTrie.RangeMap,131,152,25,25,16,30,18,21,4,10,0.537102473,0.5,39,16,24,198.5,64,33306.25,30450.25
Apache Commons Collections,org.apache.commons.collections4.trie,AbstractPatriciaTrie.KeySet,0,41,0,2,0,9,0,7,0,6,1,1,7,186,171,46.5,225,19460.25,15500.25
Apache Commons Collections,org.apache.commons.collections4.trie,AbstractPatriciaTrie.TrieIterator,4,101,1,9,1,25,1,10,0,6,0.961904762,0.9,11,132,93.5,97,1482.25,1225,12.25
Apache Commons Collections,org.apache.commons.collections4.trie,AbstractPatriciaTrie.TrieEntry,38,212,8,18,6,35,8,10,0,5,0.848,0.692307692,18,62,47,151,225,7921,10816
Apache Commons Collections,org.apache.commons.collections4.trie,AbstractPatriciaTrie.RangeEntrySet.EntryIterator,0,48,0,10,0,8,0,8,0,3,1,1,8,183.5,168.5,59,225,15500.25,11990.25
Apache Commons Collections,org.apache.commons.collections4.trie,AbstractPatriciaTrie.RangeEntrySet,7,171,2,28,2,40,2,19,0,6,0.960674157,0.933333333,21,128,113,167,225,1521,2916
Apache Commons Collections,org.apache.commons.collections4.trie,AbstractPatriciaTrie.EntrySet,2,62,1,9,1,15,1,10,0,6,0.96875,0.9,11,135,92,95.5,1849,1560.25,12.25
Apache Commons Collections,org.apache.commons.collections4.trie,KeyAnalyzer,21,26,8,6,3,7,8,5,2,4,0.553191489,0.428571429,13,18,15.5,106.5,6.25,7832.25,8281
Apache Commons Collections,org.apache.commons.collections4.trie,UnmodifiableTrie,27,121,0,4,6,30,5,24,5,22,0.817567568,1,29,56,165,180,11881,15376,225
Apache Commons Collections,org.apache.commons.collections4.trie,AbstractPatriciaTrie.PrefixRangeEntrySet.SingletonIterator,26,31,3,3,6,8,3,4,1,3,0.543859649,0.5,7,16,22.5,46,42.25,900,552.25
Apache Commons Collections,org.apache.commons.collections4.trie,AbstractBitwiseTrie.BasicEntry,23,73,2,10,5,21,4,11,2,7,0.760416667,0.833333333,15,42,67,121,625,6241,2916
Apache Commons Collections,org.apache.commons.collections4.trie,AbstractPatriciaTrie.TrieMapIterator,4,95,1,11,1,24,1,14,0,9,0.95959596,0.916666667,15,123,101,120.5,484,6.25,380.25
Apache Commons Collections,org.apache.commons.collections4.trie,AbstractPatriciaTrie.PrefixRangeEntrySet.EntryIterator,0,89,1,9,0,22,1,8,0,4,1,0.9,9,176,88.5,68.5,7656.25,11556.25,400
Apache Commons Collections,org.apache.commons.collections4.trie,AbstractPatriciaTrie,571,1294,100,196,130,306,75,124,6,45,0.69383378,0.662162162,199,30,43,208,169,31684,27225
Apache Commons Collections,org.apache.commons.collections4.trie,AbstractPatriciaTrie.PrefixRangeMap,50,243,4,32,8,50,12,20,8,6,0.829351536,0.888888889,32,53,81.5,178.5,812.25,15750.25,9409
Apache Commons Collections,org.apache.commons.collections4.trie,AbstractPatriciaTrie.Values,0,45,0,4,0,13,0,8,0,6,1,1,8,173.5,158.5,57.5,225,13456,10201
Apache Commons Collections,org.apache.commons.collections4.trie,AbstractBitwiseTrie,17,113,5,15,4,24,5,15,1,9,0.869230769,0.75,20,67,53,155,196,7744,10404
Apache Commons Collections,org.apache.commons.collections4.list,NodeCachingLinkedList,10,150,0,12,4,51,2,18,2,12,0.9375,1,20,104.5,157,154.5,2756.25,2500,6.25
Apache Commons Collections,org.apache.commons.collections4.list,TreeList,2,262,2,16,1,53,2,23,0,16,0.992424242,0.888888889,25,136,80,169,3136,1089,7921
Apache Commons Collections,org.apache.commons.collections4.list,TransformedList,13,122,3,5,2,24,4,14,1,13,0.903703704,0.625,18,79,37.5,142.5,1722.25,4032.25,11025
Apache Commons Collections,org.apache.commons.collections4.list,AbstractLinkedList,28,783,9,91,8,190,10,89,1,48,0.965474723,0.91,99,122,90,195,1024,5329,11025
Apache Commons Collections,org.apache.commons.collections4.list,CursorableLinkedList.SubCursor,0,70,0,4,0,14,0,8,0,6,1,1,8,168,153.5,57,210.25,12321,9312.25
Apache Commons Collections,org.apache.commons.collections4.list,AbstractLinkedList.LinkedListIterator,0,211,0,14,0,50,0,19,0,12,1,1,19,167.5,153,147.5,210.25,400,30.25
Apache Commons Collections,org.apache.commons.collections4.list,UnmodifiableList,0,83,0,2,0,21,0,17,0,16,1,1,17,167,152.5,134,210.25,1089,342.25
Apache Commons Collections,org.apache.commons.collections4.list,GrowthList,7,89,1,5,2,20,2,8,1,6,0.927083333,0.833333333,10,98,63.5,78,1190.25,400,210.25
Apache Commons Collections,org.apache.commons.collections4.list,CursorableLinkedList.Cursor,11,172,3,23,2,51,3,19,0,9,0.93989071,0.884615385,22,103,75,155,784,2704,6400
Apache Commons Collections,org.apache.commons.collections4.list,CursorableLinkedList,19,218,7,19,8,76,8,25,1,19,0.919831224,0.730769231,33,90,46,170,1936,6400,15376
Apache Commons Collections,org.apache.commons.collections4.list,SetUniqueList,25,319,2,34,7,75,3,35,1,19,0.927325581,0.944444444,38,97,100,173,9,5776,5329
Apache Commons Collections,org.apache.commons.collections4.list,AbstractLinkedList.LinkedSubList,62,249,5,11,6,57,6,16,1,13,0.800643087,0.6875,22,50,42,154.5,64,10920.25,12656.25
Apache Commons Collections,org.apache.commons.collections4.list,SetUniqueList.SetListListIterator,0,55,0,2,0,17,0,7,0,6,1,1,7,161.5,147,45.5,210.25,13456,10302.25
Apache Commons Collections,org.apache.commons.collections4.list,AbstractLinkedList.LinkedSubListIterator,0,69,0,4,0,14,0,8,0,6,1,1,8,161,146.5,55.5,210.25,11130.25,8281
Apache Commons Collections,org.apache.commons.collections4.list,PredicatedList,13,85,0,2,2,19,1,13,1,12,0.867346939,1,14,64,146,106,6724,1764,1600
Apache Commons Collections,org.apache.commons.collections4.list,TreeList.AVLNode,54,1059,15,135,16,246,14,95,1,32,0.95148248,0.9,109,106,79,184,729,6084,11025
Apache Commons Collections,org.apache.commons.collections4.list,LazyList,30,54,2,6,6,15,3,5,1,3,0.642857143,0.75,8,21.5,49.5,55,784,1122.25,30.25
Apache Commons Collections,org.apache.commons.collections4.list,TreeList.TreeListIterator,4,246,1,21,1,56,1,21,0,11,0.984,0.954545455,22,124,98,150,676,676,2704
Apache Commons Collections,org.apache.commons.collections4.functors,ComparatorPredicate,25,80,3,17,3,23,3,13,0,4,0.761904762,0.85,16,40,64,121,576,6561,3249
Apache Commons Collections,org.apache.commons.collections4.functors,MapTransformer,3,20,0,2,1,7,1,4,1,3,0.869565217,1,5,63,141.5,21,6162.25,1764,14520.25
Apache Commons Collections,org.apache.commons.collections4.functors,PrototypeFactory.PrototypeSerializationFactory,8,53,0,2,4,17,0,3,0,2,0.868852459,1,3,62,141,2.5,6241,3540.25,19182.25
Apache Commons Collections,org.apache.commons.collections4.functors,InstantiateTransformer,32,86,10,14,8,19,10,8,0,6,0.728813559,0.583333333,18,34,33,132,1,9604,9801
Apache Commons Collections,org.apache.commons.collections4.functors,OrPredicate,13,38,1,7,1,8,2,6,1,3,0.745098039,0.875,8,35.5,66.5,52.5,961,289,196
Apache Commons Collections,org.apache.commons.collections4.functors,NotNullPredicate,0,15,0,2,0,4,0,5,0,4,1,1,5,151.5,138.5,19.5,169,17424,14161
Apache Commons Collections,org.apache.commons.collections4.functors,FactoryTransformer,3,22,0,2,1,7,1,4,1,3,0.88,1,5,61,138,19,5929,1764,14161
Apache Commons Collections,org.apache.commons.collections4.functors,NonePredicate,0,55,0,8,0,14,0,8,0,4,1,1,8,150,137.5,50,156.25,10000,7656.25
Apache Commons Collections,org.apache.commons.collections4.functors,ForClosure,6,39,0,8,2,12,2,7,2,3,0.866666667,1,9,59,137,57,6084,4,6400
Apache Commons Collections,org.apache.commons.collections4.functors,WhileClosure,9,51,0,8,3,15,3,7,3,3,0.85,1,10,51,136.5,67.5,7310.25,272.25,4761
Apache Commons Collections,org.apache.commons.collections4.functors,ChainedTransformer,4,78,0,10,1,19,1,10,1,5,0.951219512,1,11,95,136,79,1681,256,3249
Apache Commons Collections,org.apache.commons.collections4.functors,TransformerClosure,3,21,0,2,1,8,1,4,1,3,0.875,1,5,58,135.5,18.5,6006.25,1560.25,13689
Apache Commons Collections,org.apache.commons.collections4.functors,NullPredicate,0,15,0,2,0,4,0,5,0,4,1,1,5,145.5,135,18,110.25,16256.25,13689
Apache Commons Collections,org.apache.commons.collections4.functors,InstanceofPredicate,8,18,1,1,2,6,2,3,1,3,0.692307692,0.5,5,28,22,17.5,36,110.25,20.25
Apache Commons Collections,org.apache.commons.collections4.functors,AnyPredicate,4,67,1,11,1,17,1,9,0,4,0.943661972,0.916666667,10,89,83.5,64,30.25,625,380.25
Apache Commons Collections,org.apache.commons.collections4.functors,IdentityPredicate,3,23,0,4,1,7,1,5,1,3,0.884615385,1,6,57,132.5,28,5700.25,841,10920.25
Apache Commons Collections,org.apache.commons.collections4.functors,PredicateTransformer,3,24,0,2,1,7,1,4,1,3,0.888888889,1,5,58.5,132,17,5402.25,1722.25,13225
Apache Commons Collections,org.apache.commons.collections4.functors,SwitchTransformer,13,159,2,24,3,36,5,16,3,5,0.924418605,0.923076923,21,79,87,131.5,64,2756.25,1980.25
Apache Commons Collections,org.apache.commons.collections4.functors,EqualPredicate,20,31,3,3,5,11,4,5,2,4,0.607843137,0.5,9,19,21.5,51.5,6.25,1056.25,900
Apache Commons Collections,org.apache.commons.collections4.functors,NullIsExceptionPredicate,8,30,0,4,1,9,1,5,1,3,0.789473684,1,6,40,129.5,26.5,8010.25,182.25,10609
Apache Commons Collections,org.apache.commons.collections4.functors,ConstantTransformer,43,31,11,3,9,11,8,7,2,6,0.418918919,0.214285714,15,9,9.5,95,0.25,7396,7310.25
Apache Commons Collections,org.apache.commons.collections4.functors,InstantiateFactory,92,39,21,1,22,12,13,3,2,3,0.297709924,0.045454545,16,5,7,102.5,4,9506.25,9120.25
Apache Commons Collections,org.apache.commons.collections4.functors,NullIsFalsePredicate,8,27,0,4,1,9,1,5,1,3,0.771428571,1,6,35,127,26,8464,81,10201
Apache Commons Collections,org.apache.commons.collections4.functors,PrototypeFactory,0,66,0,4,0,13,0,3,0,1,1,1,3,135,126.5,2,72.25,17689,15500.25
Apache Commons Collections,org.apache.commons.collections4.functors,CloneTransformer,0,17,0,2,0,6,0,5,0,4,1,1,5,134.5,126,15.5,72.25,14161,12210.25
Apache Commons Collections,org.apache.commons.collections4.functors,DefaultEquator,4,25,2,6,1,4,3,6,1,4,0.862068966,0.75,9,51,44,47,49,16,9
Apache Commons Collections,org.apache.commons.collections4.functors,PrototypeFactory.PrototypeCloneFactory,33,20,1,1,10,6,2,2,1,2,0.377358491,0.5,4,6,19,6.5,169,0.25,156.25
Apache Commons Collections,org.apache.commons.collections4.functors,ChainedClosure,4,91,0,12,1,23,1,11,1,5,0.957894737,1,12,86,123.5,71.5,1406.25,210.25,2704
Apache Commons Collections,org.apache.commons.collections4.functors,ConstantFactory,3,24,0,2,1,8,1,5,1,4,0.888888889,1,6,51,123,22.5,5184,812.25,10100.25
Apache Commons Collections,org.apache.commons.collections4.functors,ClosureTransformer,3,24,0,2,1,8,1,4,1,3,0.888888889,1,5,50.5,122.5,14,5184,1332.25,11772.25
Apache Commons Collections,org.apache.commons.collections4.functors,NullIsTruePredicate,8,27,0,4,1,9,1,5,1,3,0.771428571,1,6,33.5,122,21,7832.25,156.25,10201
Apache Commons Collections,org.apache.commons.collections4.functors,InvokerTransformer,45,133,4,24,6,28,4,15,0,5,0.747191011,0.857142857,19,31,58,111,729,6400,2809
Apache Commons Collections,org.apache.commons.collections4.functors,FunctorUtils,10,174,3,27,5,36,5,20,2,8,0.945652174,0.9,25,75,67.5,124.5,56.25,2450.25,3249
Apache Commons Collections,org.apache.commons.collections4.functors,TransformedPredicate,16,34,1,3,3,10,3,4,2,3,0.68,0.75,7,22,42.5,28,420.25,36,210.25
Apache Commons Collections,org.apache.commons.collections4.functors,SwitchClosure,13,154,2,22,3,35,5,15,3,5,0.922155689,0.916666667,20,64,75,113,121,2401,1444
Apache Commons Collections,org.apache.commons.collections4.functors,IfClosure,25,45,3,5,7,13,7,5,4,4,0.642857143,0.625,12,17,31,67,196,2500,1296
Apache Commons Collections,org.apache.commons.collections4.functors,OnePredicate,4,60,1,9,1,16,1,8,0,4,0.9375,0.9,9,70,65,41.5,25,812.25,552.25
Apache Commons Collections,org.apache.commons.collections4.functors,AndPredicate,13,38,1,7,1,8,2,6,1,3,0.745098039,0.875,8,28,57,35.5,841,56.25,462.25
Apache Commons Collections,org.apache.commons.collections4.functors,AllPredicate,0,72,0,12,0,18,0,10,0,4,1,1,10,121,114.5,48.5,42.25,5256.25,4356
Apache Commons Collections,org.apache.commons.collections4.functors,NotPredicate,8,27,0,4,1,7,1,5,1,3,0.771428571,1,6,29,114,20.5,7225,72.25,8742.25
Apache Commons Collections,org.apache.commons.collections4.functors,TransformerPredicate,3,34,0,4,1,10,1,5,1,3,0.918918919,1,6,59,113.5,20,2970.25,1521,8742.25
Apache Commons Collections,org.apache.commons.collections4.bidimap,AbstractDualBidiMap,0,280,0,18,0,64,0,34,0,25,1,1,34,118.5,113,124,30.25,30.25,121
Apache Commons Collections,org.apache.commons.collections4.bidimap,TreeBidiMap.InverseViewMapIterator,4,40,0,4,1,11,1,7,1,5,0.909090909,1,8,52.5,112.5,33,3600,380.25,6320.25
Apache Commons Collections,org.apache.commons.collections4.bidimap,TreeBidiMap,151,1852,29,226,32,433,29,164,1,64,0.92461308,0.88627451,193,61,59,143,4,6724,7056
Apache Commons Collections,org.apache.commons.collections4.bidimap,AbstractDualBidiMap.Values,0,41,0,2,0,9,0,5,0,4,1,1,5,116,111,13.5,25,10506.25,9506.25
Apache Commons Collections,org.apache.commons.collections4.bidimap,AbstractDualBidiMap.MapEntry,0,38,0,4,0,9,0,4,0,2,1,1,4,115.5,110.5,6,25,11990.25,10920.25
Apache Commons Collections,org.apache.commons.collections4.bidimap,AbstractDualBidiMap.KeySetIterator,0,53,0,2,0,16,0,4,0,3,1,1,4,115,110,5.5,25,11990.25,10920.25
Apache Commons Collections,org.apache.commons.collections4.bidimap,AbstractDualBidiMap.EntrySet,0,62,1,9,0,14,1,7,0,3,1,0.9,8,114.5,62.5,29.5,2704,7225,1089
Apache Commons Collections,org.apache.commons.collections4.bidimap,TreeBidiMap.ViewMapIterator,4,40,0,4,1,11,1,7,1,5,0.909090909,1,8,52,108.5,29,3192.25,529,6320.25
Apache Commons Collections,org.apache.commons.collections4.bidimap,AbstractDualBidiMap.BidiMapIterator,14,145,0,14,4,33,1,15,1,8,0.911949686,1,16,55,108,80,2809,625,784
Apache Commons Collections,org.apache.commons.collections4.bidimap,AbstractDualBidiMap.View,0,72,0,14,0,24,0,11,0,4,1,1,11,112,107.5,50.5,20.25,3782.25,3249
Apache Commons Collections,org.apache.commons.collections4.bidimap,TreeBidiMap.ValueView,0,37,0,4,0,7,0,6,0,4,1,1,6,111.5,107,16.5,20.25,9025,8190.25
Apache Commons Collections,org.apache.commons.collections4.bidimap,TreeBidiMap.KeyView,0,37,0,4,0,7,0,6,0,4,1,1,6,111,106.5,16,20.25,9025,8190.25
Apache Commons Collections,org.apache.commons.collections4.bidimap,TreeBidiMap.ViewIterator,60,128,9,11,12,27,7,9,2,4,0.680851064,0.55,16,21,24,76.5,9,3080.25,2756.25
Apache Commons Collections,org.apache.commons.collections4.bidimap,UnmodifiableBidiMap,0,79,0,4,0,23,0,14,0,12,1,1,14,109.5,105,62.5,20.25,2209,1806.25
Apache Commons Collections,org.apache.commons.collections4.bidimap,TreeBidiMap.Inverse,80,153,8,10,12,34,8,25,4,20,0.656652361,0.555555556,33,18,24,110.5,36,8556.25,7482.25
Apache Commons Collections,org.apache.commons.collections4.bidimap,TreeBidiMap.Node,8,263,6,17,2,49,6,27,0,21,0.970479705,0.739130435,33,75,36,110,1521,1225,5476
Apache Commons Collections,org.apache.commons.collections4.bidimap,TreeBidiMap.EntryView,2,72,1,11,1,18,1,9,0,4,0.972972973,0.916666667,10,77.5,66.5,38,121,1560.25,812.25
Apache Commons Collections,org.apache.commons.collections4.bidimap,DualTreeBidiMap,36,207,2,10,9,51,5,21,3,17,0.851851852,0.833333333,26,37,48,105,121,4624,3249
Apache Commons Collections,org.apache.commons.collections4.bidimap,DualTreeBidiMap.ViewMap,38,35,0,2,5,8,5,5,5,4,0.479452055,1,10,10,100.5,37.5,8190.25,756.25,3969
Apache Commons Collections,org.apache.commons.collections4.bidimap,AbstractDualBidiMap.KeySet,0,41,0,2,0,9,0,5,0,4,1,1,5,104,100,11,16,8649,7921
Apache Commons Collections,org.apache.commons.collections4.bidimap,DualTreeBidiMap.BidiOrderedMapIterator,27,134,0,12,6,29,3,14,3,8,0.832298137,1,17,32,99.5,77.5,4556.25,2070.25,484
Apache Commons Collections,org.apache.commons.collections4.bidimap,UnmodifiableOrderedBidiMap,0,82,0,4,0,24,0,15,0,13,1,1,15,102.5,99,65.5,12.25,1369,1122.25
Apache Commons Collections,org.apache.commons.collections4.bidimap,AbstractDualBidiMap.ValuesIterator,0,47,0,2,0,15,0,4,0,3,1,1,4,102,98.5,5,12.25,9409,8742.25
Apache Commons Collections,org.apache.commons.collections4.bidimap,TreeBidiMap.InverseEntryView,2,72,1,11,1,18,1,9,0,4,0.972972973,0.916666667,10,74,65,35,81,1521,900
Apache Commons Collections,org.apache.commons.collections4.bidimap,UnmodifiableSortedBidiMap,0,104,0,4,0,29,0,17,0,15,1,1,17,100.5,97,74,12.25,702.25,529
Apache Commons Collections,org.apache.commons.collections4.bidimap,AbstractDualBidiMap.EntrySetIterator,0,56,0,2,0,16,0,4,0,3,1,1,4,100,96.5,4.5,12.25,9120.25,8464
Apache Commons Collections,org.apache.commons.collections4.map,UnmodifiableEntrySet,2,133,2,10,1,27,2,15,0,11,0.985185185,0.833333333,17,77,47.5,72.5,870.25,20.25,625
Apache Commons Collections,org.apache.commons.collections4.map,LazyMap,0,81,0,6,0,24,0,10,0,7,1,1,10,98.5,95,33.5,12.25,4225,3782.25
Apache Commons Collections,org.apache.commons.collections4.map,StaticBucketMap.Node,2,73,2,18,1,14,2,13,0,5,0.973333333,0.9,15,74,57,61,289,169,16
Apache Commons Collections,org.apache.commons.collections4.map,AbstractReferenceMap.ReferenceBaseIterator,5,168,2,22,1,48,2,17,0,7,0.971098266,0.916666667,19,73,62.5,79.5,110.25,42.25,289
Apache Commons Collections,org.apache.commons.collections4.map,AbstractReferenceMap.ReferenceValues,0,34,0,2,0,8,0,4,0,3,1,1,4,96,92.5,4,12.25,8464,7832.25
Apache Commons Collections,org.apache.commons.collections4.map,Flat3Map.EntrySet,2,57,1,5,1,17,1,7,0,5,0.966101695,0.833333333,8,70,47,22.5,529,2256.25,600.25
Apache Commons Collections,org.apache.commons.collections4.map,TransformedSortedMap,0,94,1,1,0,19,1,10,0,10,1,0.5,11,94.5,18.5,39,5776,3080.25,420.25
Apache Commons Collections,org.apache.commons.collections4.map,AbstractReferenceMap.ReferenceStrength,8,49,3,1,3,7,3,3,0,3,0.859649123,0.25,6,37,9,11.5,784,650.25,6.25
Apache Commons Collections,org.apache.commons.collections4.map,FixedSizeMap,30,71,4,2,8,20,5,11,3,10,0.702970297,0.333333333,16,20,9,62,121,1764,2809
Apache Commons Collections,org.apache.commons.collections4.map,PredicatedMap,0,128,0,16,0,32,0,17,0,9,1,1,17,92,88,65,16,729,529
Apache Commons Collections,org.apache.commons.collections4.map,Flat3Map.FlatMapEntry,111,112,26,16,19,32,20,12,2,6,0.502242152,0.380952381,32,10,10,89,0,6241,6241
Apache Commons Collections,org.apache.commons.collections4.map,Flat3Map.Values,6,35,1,3,1,11,1,6,0,5,0.853658537,0.75,7,34,34,15.5,0,342.25,342.25
Apache Commons Collections,org.apache.commons.collections4.map,AbstractReferenceMap,28,366,10,38,6,104,10,43,0,29,0.92893401,0.791666667,53,51,37.5,99,182.25,2304,3782.25
Apache Commons Collections,org.apache.commons.collections4.map,UnmodifiableMap,21,65,2,2,5,22,2,12,1,11,0.755813953,0.5,14,23,15,50,64,729,1225
Apache Commons Collections,org.apache.commons.collections4.map,CompositeMap,17,456,3,47,5,86,4,43,1,21,0.964059197,0.94,47,62,59,95,9,1089,1296
Apache Commons Collections,org.apache.commons.collections4.map,AbstractHashedMap,46,1061,12,124,16,268,16,104,4,48,0.958446251,0.911764706,120,59,53,101,36,1764,2304
Apache Commons Collections,org.apache.commons.collections4.map,TransformedMap,1,144,2,10,0,38,2,16,0,12,0.993103448,0.833333333,18,66,39.5,66.5,702.25,0.25,729
Apache Commons Collections,org.apache.commons.collections4.map,PassiveExpiringMap.ConstantTimeToLiveExpirationPolicy,6,33,1,3,3,10,2,4,1,3,0.846153846,0.75,6,30,32.5,11,6.25,361,462.25
Apache Commons Collections,org.apache.commons.collections4.map,AbstractInputCheckedMapDecorator,2,23,0,2,1,7,1,4,1,3,0.92,1,5,45,79.5,7.5,1190.25,1406.25,5184
Apache Commons Collections,org.apache.commons.collections4.map,AbstractLinkedMap.LinkIterator,15,158,4,14,4,33,4,14,0,9,0.913294798,0.777777778,18,44,34,64,100,400,900
Apache Commons Collections,org.apache.commons.collections4.map,StaticBucketMap.BaseIterator,0,110,0,12,0,24,0,10,0,4,1,1,10,81.5,78,27,12.25,2970.25,2601
Apache Commons Collections,org.apache.commons.collections4.map,Flat3Map.FlatMapIterator,112,102,11,15,19,30,12,13,3,6,0.476635514,0.576923077,25,9,20,78,121,4761,3364
Apache Commons Collections,org.apache.commons.collections4.map,StaticBucketMap.KeySet,0,77,2,6,0,15,2,8,0,6,1,0.75,10,80,31,26.5,2401,2862.25,20.25
Apache Commons Collections,org.apache.commons.collections4.map,ListOrderedMap.ListOrderedMapIterator,13,133,0,10,4,32,1,15,1,10,0.910958904,1,16,42,75.5,55.5,1122.25,182.25,400
Apache Commons Collections,org.apache.commons.collections4.map,MultiValueMap.new LazyIteratorChain() {...},0,36,0,2,0,6,0,3,0,2,1,1,3,78.5,75,1.5,12.25,5929,5402.25
Apache Commons Collections,org.apache.commons.collections4.map,MultiValueMap.ValuesIterator,0,41,0,2,0,11,0,5,0,4,1,1,5,78,74.5,6,12.25,5184,4692.25
Apache Commons Collections,org.apache.commons.collections4.map,EntrySetToMapIteratorAdapter,0,57,0,2,0,18,0,10,0,9,1,1,10,77.5,74,24,12.25,2862.25,2500
Apache Commons Collections,org.apache.commons.collections4.map,AbstractReferenceMap.ReferenceEntry,33,189,16,26,5,37,14,16,0,9,0.851351351,0.619047619,30,29,20,74,81,2025,2916
Apache Commons Collections,org.apache.commons.collections4.map,Flat3Map.KeySet,0,53,0,4,0,15,0,8,0,6,1,1,8,76,72.5,16,12.25,3600,3192.25
Apache Commons Collections,org.apache.commons.collections4.map,PassiveExpiringMap,26,253,0,18,8,67,4,33,4,24,0.906810036,1,37,37,72,74,1225,1369,4
Apache Commons Collections,org.apache.commons.collections4.map,AbstractInputCheckedMapDecorator.EntrySet,0,116,1,9,0,21,1,8,0,4,1,0.9,9,74.5,42.5,18,1024,3192.25,600.25
Apache Commons Collections,org.apache.commons.collections4.map,AbstractReferenceMap.ReferenceMapIterator,0,48,0,6,0,15,0,8,0,5,1,1,8,74,70.5,15.5,12.25,3422.25,3025
Apache Commons Collections,org.apache.commons.collections4.map,StaticBucketMap.EntrySet,0,116,0,10,0,24,0,11,0,6,1,1,11,73.5,70,26.5,12.25,2209,1892.25
Apache Commons Collections,org.apache.commons.collections4.map,LRUMap,197,272,11,27,14,80,13,27,3,18,0.579957356,0.710526316,40,12,28,72,256,3600,1936
Apache Commons Collections,org.apache.commons.collections4.map,MultiKeyMap,149,1431,111,189,7,304,83,106,0,39,0.905696203,0.63,189,35,24,85,121,2500,3721
Apache Commons Collections,org.apache.commons.collections4.map,SingletonMap.SingletonMapIterator,26,97,5,9,7,24,6,12,1,10,0.788617886,0.642857143,18,21,24,53.5,9,1056.25,870.25
Apache Commons Collections,org.apache.commons.collections4.map,ListOrderedMap,22,433,4,38,1,99,4,45,0,28,0.951648352,0.904761905,49,46,41,76,25,900,1225
Apache Commons Collections,org.apache.commons.collections4.map,MultiValueMap.Values,4,36,0,2,2,7,1,4,1,3,0.9,1,5,33,65.5,5.5,1056.25,756.25,3600
Apache Commons Collections,org.apache.commons.collections4.map,FixedSizeSortedMap,21,94,2,2,6,21,4,15,3,14,0.817391304,0.5,19,25,14.5,55,110.25,900,1640.25
Apache Commons Collections,org.apache.commons.collections4.map,Flat3Map,468,923,128,162,127,231,100,84,1,22,0.663551402,0.55862069,184,15,18,80,9,4225,3844
Apache Commons Collections,org.apache.commons.collections4.map,LinkedMap,9,76,0,4,4,21,2,12,2,10,0.894117647,1,14,28,63,37.5,1225,90.25,650.25
Apache Commons Collections,org.apache.commons.collections4.map,AbstractReferenceMap.ReferenceEntrySet,0,38,0,2,0,8,0,4,0,3,1,1,4,65,62.5,2.5,6.25,3906.25,3600
Apache Commons Collections,org.apache.commons.collections4.map,DefaultedMap,15,75,3,5,3,22,3,10,0,9,0.833333333,0.625,13,24,19.5,31,20.25,49,132.25
Apache Commons Collections,org.apache.commons.collections4.map,AbstractMapDecorator,0,92,0,4,0,27,0,20,0,18,1,1,20,63.5,61,53.5,6.25,100,56.25
Apache Commons Collections,org.apache.commons.collections4.map,StaticBucketMap,40,573,11,63,13,121,12,44,3,16,0.934747145,0.851351351,56,36,30,71,36,1225,1681
Apache Commons Collections,org.apache.commons.collections4.map,SingletonMap,114,190,20,15,29,50,21,30,5,28,0.625,0.428571429,51,12,10,70,4,3364,3600
Apache Commons Collections,org.apache.commons.collections4.map,AbstractHashedMap.EntrySet,0,64,0,10,0,19,0,11,0,6,1,1,11,61,58.5,24,6.25,1369,1190.25
Apache Commons Collections,org.apache.commons.collections4.map,Flat3Map.EntryIterator,34,42,3,3,8,9,3,4,1,3,0.552631579,0.5,7,10,13,9,9,1,16
Apache Commons Collections,org.apache.commons.collections4.map,CaseInsensitiveMap,5,60,0,4,2,19,1,9,1,7,0.923076923,1,10,30,57,17.5,729,156.25,1560.25
Apache Commons Collections,org.apache.commons.collections4.map,AbstractLinkedMap,10,331,0,40,4,72,3,40,3,20,0.970674487,1,43,43,56.5,63,182.25,400,42.25
Apache Commons Collections,org.apache.commons.collections4.map,AbstractReferenceMap.ReferenceKeySet,0,34,0,2,0,8,0,4,0,3,1,1,4,57.5,56,2,2.25,3080.25,2916
Apache Commons Collections,org.apache.commons.collections4.map,UnmodifiableSortedMap,29,67,0,2,4,21,4,14,4,13,0.697916667,1,18,13,55.5,45,1806.25,1024,110.25
Apache Commons Collections,org.apache.commons.collections4.map,ReferenceIdentityMap,24,61,0,6,6,16,3,11,3,8,0.717647059,1,14,14,55,31,1681,289,576
Apache Commons Collections,org.apache.commons.collections4.map,AbstractHashedMap.HashMapIterator,0,48,0,6,0,15,0,8,0,5,1,1,8,55,54.5,11,0.25,1936,1892.25
Apache Commons Collections,org.apache.commons.collections4.map,AbstractSortedMapDecorator,51,23,4,0,9,8,8,6,6,6,0.310810811,0,14,5,3.5,29.5,2.25,600.25,676
Apache Commons Collections,org.apache.commons.collections4.map,AbstractLinkedMap.LinkMapIterator,0,52,0,6,0,16,0,9,0,6,1,1,9,53.5,53,11.5,0.25,1764,1722.25
Apache Commons Collections,org.apache.commons.collections4.map,MultiValueMap,13,327,5,39,2,86,6,38,1,21,0.961764706,0.886363636,44,37,30,57,49,400,729
Apache Commons Collections,org.apache.commons.collections4.map,AbstractHashedMap.HashIterator,6,147,2,18,2,36,2,14,0,6,0.960784314,0.9,16,36,31,36,25,0,25
Apache Commons Collections,org.apache.commons.collections4.map,UnmodifiableOrderedMap,0,72,0,2,0,24,0,13,0,12,1,1,13,51,50.5,24.5,0.25,702.25,676
Apache Commons Collections,org.apache.commons.collections4.map,ListOrderedMap.EntrySetView,0,92,0,8,0,26,0,16,0,12,1,1,16,50.5,50,34.5,0.25,256,240.25
Apache Commons Collections,org.apache.commons.collections4.map,AbstractHashedMap.HashEntry,2,107,2,20,1,23,2,16,0,7,0.981651376,0.909090909,18,39,32,37.5,49,2.25,30.25
Apache Commons Collections,org.apache.commons.collections4.set,UnmodifiableSet,0,45,0,2,0,13,0,10,0,9,1,1,10,49,48.5,14,0.25,1225,1190.25
Apache Commons Collections,org.apache.commons.collections4.set,UnmodifiableSortedSet,0,89,0,2,0,24,0,15,0,14,1,1,15,48.5,48,29.5,0.25,361,342.25
Apache Commons Collections,org.apache.commons.collections4.set,MapBackedSet,5,151,1,9,1,31,1,22,0,18,0.967948718,0.9,23,37,30.5,42.5,42.25,30.25,144
Apache Commons Collections,org.apache.commons.collections4.set,TransformedSet,0,55,3,5,0,10,3,4,0,3,1,0.625,7,47,16,7.5,961,1560.25,72.25
Apache Commons Collections,org.apache.commons.collections4.set,CompositeSet,23,455,5,59,6,109,7,51,2,24,0.951882845,0.921875,58,34,31,51,9,289,400
Apache Commons Collections,org.apache.commons.collections4.set,ListOrderedSet,25,301,4,36,5,79,4,38,0,22,0.923312883,0.9,42,27,29,48,4,441,361
Apache Commons Collections,org.apache.commons.collections4.set,TransformedSortedSet,48,60,8,0,8,12,6,8,2,8,0.555555556,0,14,9,3,25,36,256,484
Apache Commons Collections,org.apache.commons.collections4.iterators,EnumerationIterator,36,29,4,0,11,10,6,4,4,4,0.446153846,0,10,6,2.5,12.5,12.25,42.25,100
Apache Commons Collections,org.apache.commons.collections4.iterators,IteratorChain,84,154,6,14,13,43,8,16,4,10,0.647058824,0.7,24,8,15.5,41,56.25,1089,650.25
Apache Commons Collections,org.apache.commons.collections4.iterators,SingletonIterator,0,75,0,14,0,22,0,13,0,6,1,1,13,41.5,40.5,21,1,420.25,380.25
Apache Commons Collections,org.apache.commons.collections4.iterators,ObjectArrayIterator,6,105,0,12,2,27,2,14,2,8,0.945945946,1,16,27,40,28,169,1,144
Apache Commons Collections,org.apache.commons.collections4.iterators,FilterIterator,17,98,1,13,5,33,4,14,3,8,0.852173913,0.928571429,18,16,27.5,30,132.25,196,6.25
Apache Commons Collections,org.apache.commons.collections4.iterators,IteratorIterable,0,44,1,5,0,12,1,6,0,4,1,0.833333333,7,39,21,7,324,1024,196
Apache Commons Collections,org.apache.commons.collections4.iterators,ReverseListIterator,5,98,1,5,1,30,1,13,0,11,0.951456311,0.833333333,14,27,20.5,21.5,42.25,30.25,1
Apache Commons Collections,org.apache.commons.collections4.iterators,AbstractListIteratorDecorator,5,49,1,1,1,17,1,11,0,11,0.907407407,0.5,12,20,9.5,17.5,110.25,6.25,64
Apache Commons Collections,org.apache.commons.collections4.iterators,AbstractUntypedIteratorDecorator,5,19,1,1,1,8,1,4,0,4,0.791666667,0.5,5,13,9,3,16,100,36
Apache Commons Collections,org.apache.commons.collections4.iterators,ArrayListIterator,5,113,0,8,1,25,1,14,1,10,0.957627119,1,15,25,34.5,21,90.25,16,182.25
Apache Commons Collections,org.apache.commons.collections4.iterators,UnmodifiableOrderedMapIterator,0,59,0,4,0,17,0,12,0,10,1,1,12,34.5,34,16,0.25,342.25,324
Apache Commons Collections,org.apache.commons.collections4.iterators,LoopingIterator,0,56,0,8,0,17,0,10,0,6,1,1,10,34,33.5,10,0.25,576,552.25
Apache Commons Collections,org.apache.commons.collections4.iterators,NodeListIterator,7,71,3,9,1,15,3,8,0,5,0.91025641,0.75,11,19,14.5,12.5,20.25,42.25,4
Apache Commons Collections,org.apache.commons.collections4.iterators,ObjectGraphIterator,0,196,0,30,0,56,0,23,0,8,1,1,23,32.5,32,28,0.25,20.25,16
Apache Commons Collections,org.apache.commons.collections4.iterators,UnmodifiableIterator,0,38,0,4,0,12,0,7,0,5,1,1,7,32,31.5,5.5,0.25,702.25,676
Apache Commons Collections,org.apache.commons.collections4.iterators,LazyIteratorChain,0,99,0,12,0,28,0,11,0,5,1,1,11,31.5,31,11,0.25,420.25,400
Apache Commons Collections,org.apache.commons.collections4.iterators,AbstractMapIteratorDecorator,41,0,2,0,13,0,9,0,8,0,0,0,9,2,2,7,0,25,25
Apache Commons Collections,org.apache.commons.collections4.iterators,AbstractOrderedMapIteratorDecorator,49,0,2,0,15,0,11,0,10,0,0,0,11,1.5,1.5,9.5,0,64,64
Apache Commons Collections,org.apache.commons.collections4.iterators,UnmodifiableListIterator,0,64,0,4,0,18,0,13,0,11,1,1,13,29,28.5,10.5,0.25,342.25,324
Apache Commons Collections,org.apache.commons.collections4.iterators,LoopingListIterator,16,137,3,21,4,39,4,21,1,12,0.895424837,0.875,25,15,16.5,24.5,2.25,90.25,64
Apache Commons Collections,org.apache.commons.collections4.iterators,PeekingIterator,12,122,3,21,4,35,3,17,0,8,0.910447761,0.875,20,16,16,19,0,9,9
Apache Commons Collections,org.apache.commons.collections4.iterators,SingletonListIterator,0,127,2,26,0,32,2,23,0,11,1,0.928571429,25,26.5,18,23,72.25,12.25,25
Apache Commons Collections,org.apache.commons.collections4.iterators,UnmodifiableMapIterator,0,51,0,4,0,15,0,10,0,8,1,1,10,26,25,7.5,1,342.25,306.25
Apache Commons Collections,org.apache.commons.collections4.iterators,FilterListIterator,68,191,6,30,18,60,15,24,9,12,0.737451737,0.833333333,39,9,15,23,36,196,64
Apache Commons Collections,org.apache.commons.collections4.iterators,CollatingIterator,84,317,10,38,19,86,11,35,4,18,0.790523691,0.791666667,46,9,13,24,16,225,121
Apache Commons Collections,org.apache.commons.collections4.iterators,PermutationIterator,0,262,0,34,0,45,0,21,0,4,1,1,21,23.5,22.5,19,1,20.25,12.25
Apache Commons Collections,org.apache.commons.collections4.iterators,PushbackIterator,12,51,3,5,3,12,3,7,0,6,0.80952381,0.625,10,10,9.5,7,0.25,9,6.25
Apache Commons Collections,org.apache.commons.collections4.iterators,EntrySetMapIterator,121,0,10,0,31,0,14,0,9,0,0,0,14,1,1,9,0,64,64
Apache Commons Collections,org.apache.commons.collections4.iterators,ArrayIterator,9,122,0,10,3,28,3,13,3,8,0.93129771,1,16,13,20,11.5,49,2.25,72.25
Apache Commons Collections,org.apache.commons.collections4.iterators,ListIteratorWrapper,41,253,8,32,11,61,8,23,2,9,0.860544218,0.8,31,9,11,18,4,81,49
Apache Commons Collections,org.apache.commons.collections4.iterators,ObjectArrayListIterator,6,112,0,8,3,23,1,14,1,10,0.949152542,1,15,13,18.5,9.5,30.25,12.25,81
Apache Commons Collections,org.apache.commons.collections4,EnumerationUtils,0,23,0,2,0,5,0,3,0,2,1,1,3,18,18,1,0,289,289
Apache Commons Collections,org.apache.commons.collections4,SetUtils,31,61,1,15,10,17,11,12,10,5,0.663043478,0.9375,23,5,13,14.5,64,90.25,2.25
Apache Commons Collections,org.apache.commons.collections4,ComparatorUtils,96,18,17,1,24,5,16,4,7,4,0.157894737,0.055555556,20,1,1,12.5,0,132.25,132.25
Apache Commons Collections,org.apache.commons.collections4,CollectionUtils.SetOperationCardinalityHelper,0,48,0,2,0,11,0,5,0,4,1,1,5,15.5,15.5,1.5,0,196,196
Apache Commons Collections,org.apache.commons.collections4,IteratorUtils,334,208,55,15,81,53,52,33,20,30,0.383763838,0.214285714,85,1,1,15,0,196,196
Apache Commons Collections,org.apache.commons.collections4,ClosureUtils,0,112,0,4,0,28,0,18,0,16,1,1,18,14,14,9.5,0,20.25,20.25
Apache Commons Collections,org.apache.commons.collections4,SplitMapUtils,13,32,3,7,3,8,3,4,0,2,0.711111111,0.7,7,3,7,3,16,0,16
Apache Commons Collections,org.apache.commons.collections4,CollectionUtils,30,1483,16,290,6,369,15,202,0,64,0.980171844,0.947712418,217,10,10,14,0,16,16
Apache Commons Collections,org.apache.commons.collections4,ArrayStack,19,74,6,10,4,26,5,11,1,7,0.795698925,0.625,16,4,6,7,4,9,1
Apache Commons Collections,org.apache.commons.collections4,MapUtils,576,506,114,70,196,106,112,53,54,19,0.467652495,0.380434783,165,1,1,12,0,121,121
Apache Commons Collections,org.apache.commons.collections4,CollectionUtils.EquatorWrapper,2,32,1,1,1,9,1,4,0,4,0.941176471,0.5,5,6,2.5,1,12.25,25,2.25
Apache Commons Collections,org.apache.commons.collections4,ListUtils,42,374,9,65,9,89,13,47,5,18,0.899038462,0.878378378,60,4,5,10,1,36,25
Apache Commons Collections,org.apache.commons.collections4,ListUtils.Partition,46,51,3,3,4,12,4,3,1,3,0.525773196,0.5,7,1,2,1.5,1,0.25,0.25
Apache Commons Collections,org.apache.commons.collections4,SplitMapUtils.WrappedGet,30,79,4,4,6,17,8,12,4,12,0.724770642,0.5,20,1,1.5,6,0.25,25,20.25
Apache Commons Collections,org.apache.commons.collections4,TransformerUtils,0,128,0,4,0,32,0,23,0,21,1,1,23,5.5,5.5,6,0,0.25,0.25
Apache Commons Collections,org.apache.commons.collections4,CollectionUtils.CardinalityHelper,0,51,0,2,0,12,0,7,0,6,1,1,7,5,5,1,0,16,16
Apache Commons Collections,org.apache.commons.collections4,SplitMapUtils.WrappedPut,3,82,3,3,1,20,3,15,0,15,0.964705882,0.5,18,3,1,4,4,1,9
Apache Commons Collections,org.apache.commons.collections4.queue,TransformedQueue,0,78,1,3,0,16,1,10,0,9,1,0.75,11,3.5,1,1,6.25,6.25,0
Apache Commons Collections,org.apache.commons.collections4.queue,CircularFifoQueue.new Iterator() {...},0,192,0,18,0,32,0,13,0,4,1,1,13,3,2.5,1,0.25,4,2.25
Apache Commons Collections,org.apache.commons.collections4.queue,CircularFifoQueue,27,337,4,44,6,86,5,40,1,20,0.925824176,0.916666667,45,2,1,2,1,0,1
Apache Commons Collections,org.apache.commons.collections4.queue,UnmodifiableQueue,8,64,0,2,2,20,2,13,2,12,0.888888889,1,15,1,1,1,0,0,0
,,,,,,,,,,,,,,,,,,,329697,990075.25,1129828.75
,,,,,,,,,,,,,,,,,,Spearman,0.887448153,0.662008456,0.614299455
,,,,,,,,,,,,,,,,,,Pearson,0.820104641,-0.058345049,-0.090498196
