GROUP,PACKAGE,CLASS,INSTRUCTION_MISSED,INSTRUCTION_COVERED,BRANCH_MISSED,BRANCH_COVERED,LINE_MISSED,LINE_COVERED,COMPLEXITY_MISSED,COMPLEXITY_COVERED,METHOD_MISSED,METHOD_COVERED
JFreeChart,org.jfree.chart.plot,PlotRenderingInfo,193,0,20,0,55,0,24,0,14,0
JFreeChart,org.jfree.chart.plot,CombinedDomainXYPlot,908,0,112,0,244,0,86,0,30,0
JFreeChart,org.jfree.chart.plot,PolarPlot,2301,0,282,0,615,0,235,0,94,0
JFreeChart,org.jfree.chart.plot,DatasetRenderingOrder,38,0,0,0,3,0,4,0,4,0
JFreeChart,org.jfree.chart.plot,DialShape,48,0,0,0,4,0,4,0,4,0
JFreeChart,org.jfree.chart.plot,Plot,1171,0,180,0,366,0,159,0,69,0
JFreeChart,org.jfree.chart.plot,PiePlotState,80,0,0,0,34,0,21,0,21,0
JFreeChart,org.jfree.chart.plot,ThermometerPlot,1947,0,192,0,440,0,170,0,73,0
JFreeChart,org.jfree.chart.plot,RingPlot,684,0,70,0,201,0,65,0,30,0
JFreeChart,org.jfree.chart.plot,PiePlot,3749,0,344,0,970,0,304,0,132,0
JFreeChart,org.jfree.chart.plot,PieLabelDistributor,334,0,34,0,72,0,26,0,9,0
JFreeChart,org.jfree.chart.plot,PieLabelRecord,195,0,26,0,55,0,29,0,16,0
JFreeChart,org.jfree.chart.plot,PlotState,11,0,0,0,4,0,2,0,2,0
JFreeChart,org.jfree.chart.plot,FastScatterPlot,1017,0,102,0,288,0,101,0,50,0
JFreeChart,org.jfree.chart.plot,CompassPlot,1198,0,105,0,268,0,92,0,35,0
JFreeChart,org.jfree.chart.plot,DefaultDrawingSupplier,777,0,56,0,151,0,46,0,18,0
JFreeChart,org.jfree.chart.plot,CategoryMarker,99,0,10,0,30,0,13,0,8,0
JFreeChart,org.jfree.chart.plot,Crosshair,638,0,34,0,179,0,57,0,40,0
JFreeChart,org.jfree.chart.plot,MeterPlot,1526,0,142,0,390,0,127,0,56,0
JFreeChart,org.jfree.chart.plot,IntervalMarker,136,0,12,0,37,0,17,0,11,0
JFreeChart,org.jfree.chart.plot,AbstractPieLabelDistributor,31,0,0,0,10,0,5,0,5,0
JFreeChart,org.jfree.chart.plot,CombinedRangeXYPlot,860,0,102,0,237,0,79,0,28,0
JFreeChart,org.jfree.chart.plot,CombinedRangeCategoryPlot,713,0,86,0,198,0,63,0,20,0
JFreeChart,org.jfree.chart.plot,MultiplePiePlot,781,0,84,0,208,0,67,0,25,0
JFreeChart,org.jfree.chart.plot,MeterInterval,135,0,14,0,42,0,17,0,10,0
JFreeChart,org.jfree.chart.plot,XYCrosshairState,3,0,0,0,2,0,1,0,1,0
JFreeChart,org.jfree.chart.plot,PlotOrientation,46,0,0,0,5,0,6,0,6,0
JFreeChart,org.jfree.chart.plot,WaferMapPlot,581,0,44,0,131,0,36,0,14,0
JFreeChart,org.jfree.chart.plot,PolarAxisLocation,98,0,0,0,9,0,4,0,4,0
JFreeChart,org.jfree.chart.plot,CombinedDomainCategoryPlot,851,0,96,0,226,0,73,0,25,0
JFreeChart,org.jfree.chart.plot,XYPlot,6564,0,866,0,1744,0,664,0,231,0
JFreeChart,org.jfree.chart.plot,ValueMarker,68,0,8,0,22,0,10,0,6,0
JFreeChart,org.jfree.chart.plot,SpiderWebPlot,1683,0,144,0,455,0,141,0,69,0
JFreeChart,org.jfree.chart.plot,CategoryPlot,5367,0,692,0,1467,0,567,0,221,0
JFreeChart,org.jfree.chart.plot,Marker,519,0,42,0,144,0,58,0,37,0
JFreeChart,org.jfree.chart.plot,PiePlot3D,2029,0,148,0,510,0,86,0,12,0
JFreeChart,org.jfree.chart.plot,CrosshairState,194,0,16,0,60,0,27,0,19,0
JFreeChart,org.jfree.chart.plot,CategoryCrosshairState,117,0,12,0,38,0,13,0,7,0
JFreeChart,org.jfree.chart.plot,CenterTextMode,48,0,0,0,4,0,4,0,4,0
JFreeChart,org.jfree.chart.plot,PieLabelLinkStyle,48,0,0,0,4,0,4,0,4,0
JFreeChart,org.jfree.chart.plot,SeriesRenderingOrder,38,0,0,0,3,0,4,0,4,0
JFreeChart,org.jfree.chart.imagemap,StandardToolTipTagFragmentGenerator,15,0,0,0,3,0,2,0,2,0
JFreeChart,org.jfree.chart.imagemap,DynamicDriveToolTipTagFragmentGenerator,47,0,0,0,11,0,3,0,3,0
JFreeChart,org.jfree.chart.imagemap,StandardURLTagFragmentGenerator,14,0,0,0,3,0,2,0,2,0
JFreeChart,org.jfree.chart.imagemap,OverLIBToolTipTagFragmentGenerator,15,0,0,0,4,0,2,0,2,0
JFreeChart,org.jfree.chart.imagemap,ImageMapUtils,253,0,34,0,60,0,25,0,8,0
JFreeChart,org.jfree.chart.editor,DefaultAxisEditor,591,0,22,0,132,0,29,0,18,0
JFreeChart,org.jfree.chart.editor,DefaultChartEditor,422,0,6,0,87,0,12,0,9,0
JFreeChart,org.jfree.chart.editor,DefaultPlotEditor,934,0,100,0,233,0,68,0,18,0
JFreeChart,org.jfree.chart.editor,DefaultLogAxisEditor,156,0,12,0,42,0,13,0,7,0
JFreeChart,org.jfree.chart.editor,DefaultTitleEditor,391,0,22,0,96,0,22,0,11,0
JFreeChart,org.jfree.chart.editor,DefaultValueAxisEditor,546,0,32,0,128,0,36,0,20,0
JFreeChart,org.jfree.chart.editor,DefaultPolarPlotEditor,241,0,12,0,60,0,15,0,9,0
JFreeChart,org.jfree.chart.editor,DefaultNumberAxisEditor,199,0,12,0,52,0,13,0,7,0
JFreeChart,org.jfree.chart.editor,DefaultChartEditorFactory,8,0,0,0,3,0,2,0,2,0
JFreeChart,org.jfree.chart.editor,ChartEditorManager,20,0,0,0,8,0,5,0,5,0
JFreeChart,org.jfree.chart.urls,CustomPieURLGenerator,171,0,24,0,44,0,20,0,8,0
JFreeChart,org.jfree.chart.urls,StandardXYURLGenerator,122,0,14,0,29,0,12,0,5,0
JFreeChart,org.jfree.chart.urls,StandardCategoryURLGenerator,216,0,20,0,51,0,17,0,7,0
JFreeChart,org.jfree.chart.urls,TimeSeriesURLGenerator,225,0,20,0,53,0,18,0,8,0
JFreeChart,org.jfree.chart.urls,StandardXYZURLGenerator,9,0,0,0,2,0,2,0,2,0
JFreeChart,org.jfree.chart.urls,CustomXYURLGenerator,156,0,28,0,46,0,22,0,8,0
JFreeChart,org.jfree.chart.urls,CustomCategoryURLGenerator,156,0,28,0,47,0,22,0,8,0
JFreeChart,org.jfree.chart.urls,URLUtilities,54,0,0,0,15,0,3,0,3,0
JFreeChart,org.jfree.chart.urls,StandardPieURLGenerator,155,0,14,0,40,0,13,0,6,0
JFreeChart,org.jfree.data.json,JSONUtils,224,0,20,0,70,0,15,0,5,0
JFreeChart,org.jfree.chart.title,LegendGraphic,615,0,74,0,179,0,76,0,39,0
JFreeChart,org.jfree.chart.title,Title,299,0,28,0,88,0,36,0,22,0
JFreeChart,org.jfree.chart.title,ImageTitle,405,0,36,0,84,0,29,0,11,0
JFreeChart,org.jfree.chart.title,DateTitle,53,0,0,0,10,0,5,0,5,0
JFreeChart,org.jfree.chart.title,ShortTextTitle,301,0,44,0,66,0,30,0,8,0
JFreeChart,org.jfree.chart.title,PaintScaleLegend,1064,0,92,0,229,0,76,0,30,0
JFreeChart,org.jfree.chart.title,CompositeTitle,153,0,10,0,45,0,17,0,12,0
JFreeChart,org.jfree.chart.title,LegendItemBlockContainer,87,0,4,0,28,0,11,0,9,0
JFreeChart,org.jfree.chart.title,TextTitle,1099,0,150,0,273,0,112,0,37,0
JFreeChart,org.jfree.chart.title,LegendTitle,712,0,62,0,197,0,66,0,35,0
JFreeChart,org.jfree.data.xml,ItemHandler,112,0,8,0,32,0,11,0,7,0
JFreeChart,org.jfree.data.xml,PieDatasetHandler,72,0,8,0,20,0,9,0,5,0
JFreeChart,org.jfree.data.xml,ValueHandler,100,0,8,0,27,0,10,0,6,0
JFreeChart,org.jfree.data.xml,KeyHandler,96,0,6,0,21,0,9,0,6,0
JFreeChart,org.jfree.data.xml,DatasetReader,122,0,2,0,43,0,8,0,7,0
JFreeChart,org.jfree.data.xml,RootHandler,54,0,8,0,18,0,10,0,6,0
JFreeChart,org.jfree.data.xml,CategoryDatasetHandler,85,0,8,0,22,0,9,0,5,0
JFreeChart,org.jfree.data.xml,CategorySeriesHandler,114,0,8,0,30,0,9,0,5,0
JFreeChart,org.jfree.chart,ChartColor,344,0,0,0,27,0,3,0,3,0
JFreeChart,org.jfree.chart,ChartHints.Key,33,0,13,0,6,0,9,0,2,0
JFreeChart,org.jfree.chart,PaintMap,169,0,14,0,51,0,16,0,9,0
JFreeChart,org.jfree.chart,JFreeChart,1649,0,174,0,431,0,161,0,74,0
JFreeChart,org.jfree.chart,StandardChartTheme,1995,0,210,0,589,0,197,0,92,0
JFreeChart,org.jfree.chart,ChartTransferable,207,0,12,0,52,0,13,0,7,0
JFreeChart,org.jfree.chart,HashUtils,321,0,42,0,75,0,35,0,14,0
JFreeChart,org.jfree.chart,PolarChartPanel,243,0,24,0,72,0,19,0,7,0
JFreeChart,org.jfree.chart,ChartFrame,37,0,2,0,10,0,4,0,3,0
JFreeChart,org.jfree.chart,StrokeMap,169,0,14,0,51,0,16,0,9,0
JFreeChart,org.jfree.chart,ChartUtils,448,0,12,0,116,0,36,0,30,0
JFreeChart,org.jfree.chart,JFreeChart.new RenderingHints.Key() {...},7,0,0,0,2,0,2,0,2,0
JFreeChart,org.jfree.chart,LegendItem,785,0,52,0,227,0,84,0,58,0
JFreeChart,org.jfree.chart,LegendItemCollection,70,0,6,0,21,0,11,0,8,0
JFreeChart,org.jfree.chart,ChartMouseEvent,22,0,0,0,8,0,4,0,4,0
JFreeChart,org.jfree.chart,ChartRenderingInfo,143,0,16,0,44,0,20,0,12,0
JFreeChart,org.jfree.chart,ChartPanel,3991,0,394,0,1017,0,307,0,110,0
JFreeChart,org.jfree.chart,ChartHints,14,0,0,0,4,0,2,0,2,0
JFreeChart,org.jfree.chart,LegendRenderingOrder,38,0,0,0,3,0,4,0,4,0
JFreeChart,org.jfree.chart,StandardChartTheme.new StandardChartTheme() {...},5,0,0,0,2,0,2,0,2,0
JFreeChart,org.jfree.chart,MouseWheelHandler,118,0,14,0,38,0,12,0,5,0
JFreeChart,org.jfree.chart,ChartFactory,2614,0,202,0,577,0,157,0,56,0
JFreeChart,org.jfree.chart.needle,PinNeedle,146,0,12,0,31,0,11,0,5,0
JFreeChart,org.jfree.chart.needle,MiddlePinNeedle,153,0,14,0,31,0,12,0,5,0
JFreeChart,org.jfree.chart.needle,ShipNeedle,104,0,12,0,22,0,11,0,5,0
JFreeChart,org.jfree.chart.needle,PointerNeedle,157,0,16,0,42,0,13,0,5,0
JFreeChart,org.jfree.chart.needle,ArrowNeedle,176,0,18,0,42,0,14,0,5,0
JFreeChart,org.jfree.chart.needle,MeterNeedle,331,0,30,0,102,0,41,0,26,0
JFreeChart,org.jfree.chart.needle,PlumNeedle,102,0,10,0,25,0,10,0,5,0
JFreeChart,org.jfree.chart.needle,WindNeedle,87,0,12,0,23,0,10,0,4,0
JFreeChart,org.jfree.chart.needle,LineNeedle,69,0,8,0,17,0,9,0,5,0
JFreeChart,org.jfree.chart.needle,LongNeedle,208,0,16,0,57,0,13,0,5,0
JFreeChart,org.jfree.chart.encoders,SunPNGEncoderAdapter,32,0,0,0,12,0,7,0,7,0
JFreeChart,org.jfree.chart.encoders,EncoderUtil,71,0,0,0,21,0,9,0,9,0
JFreeChart,org.jfree.chart.encoders,SunJPEGEncoderAdapter,86,0,4,0,27,0,9,0,7,0
JFreeChart,org.jfree.chart.encoders,ImageEncoderFactory,93,0,2,0,30,0,9,0,8,0
JFreeChart,org.jfree.data.io,CSV,212,0,20,0,57,0,16,0,6,0
JFreeChart,org.jfree.chart.labels,IntervalXYItemLabelGenerator,279,0,32,0,63,0,25,0,9,0
JFreeChart,org.jfree.chart.labels,StandardPieToolTipGenerator,36,0,0,0,13,0,7,0,7,0
JFreeChart,org.jfree.chart.labels,IntervalXYToolTipGenerator,279,0,32,0,63,0,25,0,9,0
JFreeChart,org.jfree.chart.labels,StandardXYToolTipGenerator,60,0,4,0,20,0,11,0,9,0
JFreeChart,org.jfree.chart.labels,IntervalCategoryToolTipGenerator,125,0,14,0,30,0,12,0,5,0
JFreeChart,org.jfree.chart.labels,StandardCrosshairLabelGenerator,87,0,12,0,27,0,13,0,7,0
JFreeChart,org.jfree.chart.labels,IntervalCategoryItemLabelGenerator,111,0,10,0,25,0,9,0,4,0
JFreeChart,org.jfree.chart.labels,AbstractXYItemLabelGenerator,305,0,32,0,81,0,32,0,16,0
JFreeChart,org.jfree.chart.labels,BoxAndWhiskerXYToolTipGenerator,128,0,8,0,26,0,8,0,4,0
JFreeChart,org.jfree.chart.labels,BubbleXYItemLabelGenerator,202,0,18,0,53,0,19,0,10,0
JFreeChart,org.jfree.chart.labels,AbstractPieItemLabelGenerator,188,0,22,0,55,0,20,0,9,0
JFreeChart,org.jfree.chart.labels,StandardCategorySeriesLabelGenerator,73,0,6,0,25,0,10,0,7,0
JFreeChart,org.jfree.chart.labels,StandardPieSectionLabelGenerator,103,0,6,0,32,0,14,0,11,0
JFreeChart,org.jfree.chart.labels,BoxAndWhiskerToolTipGenerator,109,0,6,0,23,0,7,0,4,0
JFreeChart,org.jfree.chart.labels,AbstractCategoryItemLabelGenerator,255,0,22,0,71,0,24,0,13,0
JFreeChart,org.jfree.chart.labels,MultipleXYSeriesLabelGenerator,237,0,20,0,66,0,19,0,9,0
JFreeChart,org.jfree.chart.labels,CustomXYToolTipGenerator,144,0,28,0,38,0,22,0,8,0
JFreeChart,org.jfree.chart.labels,SymbolicXYItemLabelGenerator,114,0,12,0,30,0,13,0,7,0
JFreeChart,org.jfree.chart.labels,StandardCategoryItemLabelGenerator,41,0,4,0,14,0,8,0,6,0
JFreeChart,org.jfree.chart.labels,StandardXYZToolTipGenerator,177,0,16,0,48,0,17,0,9,0
JFreeChart,org.jfree.chart.labels,ItemLabelPosition,97,0,12,0,31,0,14,0,8,0
JFreeChart,org.jfree.chart.labels,ItemLabelAnchor,268,0,0,0,26,0,4,0,4,0
JFreeChart,org.jfree.chart.labels,StandardCategoryToolTipGenerator,35,0,4,0,12,0,7,0,5,0
JFreeChart,org.jfree.chart.labels,HighLowItemLabelGenerator,219,0,28,0,58,0,21,0,7,0
JFreeChart,org.jfree.chart.labels,StandardXYSeriesLabelGenerator,73,0,6,0,25,0,10,0,7,0
JFreeChart,org.jfree.chart.labels,StandardXYItemLabelGenerator,59,0,4,0,21,0,11,0,9,0
JFreeChart,org.jfree.chart.axis,DateTickUnit,276,0,30,0,67,0,32,0,17,0
JFreeChart,org.jfree.chart.axis,TickUnit,98,0,16,0,31,0,16,0,8,0
JFreeChart,org.jfree.chart.axis,AxisLocation,97,0,8,0,18,0,10,0,6,0
JFreeChart,org.jfree.chart.axis,ModuloAxis,558,0,46,0,108,0,40,0,17,0
JFreeChart,org.jfree.chart.axis,DateAxis.DefaultTimeline,34,0,6,0,15,0,12,0,9,0
JFreeChart,org.jfree.chart.axis,MonthDateFormat,242,0,18,0,48,0,19,0,10,0
JFreeChart,org.jfree.chart.axis,NumberAxis,1416,0,148,0,340,0,113,0,39,0
JFreeChart,org.jfree.chart.axis,ValueTick,64,0,8,0,19,0,9,0,5,0
JFreeChart,org.jfree.chart.axis,AxisCollection,77,0,8,0,21,0,10,0,6,0
JFreeChart,org.jfree.chart.axis,DateAxis,2853,0,218,0,624,0,161,0,52,0
JFreeChart,org.jfree.chart.axis,TickUnits,131,0,10,0,33,0,14,0,9,0
JFreeChart,org.jfree.chart.axis,NumberTickUnitSource,361,0,62,0,98,0,43,0,12,0
JFreeChart,org.jfree.chart.axis,LogAxis,1508,0,126,0,364,0,103,0,40,0
JFreeChart,org.jfree.chart.axis,CompassFormat,236,0,4,0,18,0,9,0,7,0
JFreeChart,org.jfree.chart.axis,SymbolAxis,889,0,104,0,237,0,74,0,22,0
JFreeChart,org.jfree.chart.axis,CategoryTick,96,0,12,0,25,0,12,0,6,0
JFreeChart,org.jfree.chart.axis,Axis,1790,0,164,0,493,0,156,0,74,0
JFreeChart,org.jfree.chart.axis,PeriodAxisLabelInfo,288,0,20,0,76,0,27,0,17,0
JFreeChart,org.jfree.chart.axis,ExtendedCategoryAxis,191,0,22,0,50,0,22,0,11,0
JFreeChart,org.jfree.chart.axis,SubCategoryAxis,549,0,54,0,137,0,41,0,14,0
JFreeChart,org.jfree.chart.axis,CategoryAnchor,48,0,0,0,4,0,4,0,4,0
JFreeChart,org.jfree.chart.axis,DateTickMarkPosition,48,0,0,0,4,0,4,0,4,0
JFreeChart,org.jfree.chart.axis,TickType,38,0,0,0,3,0,4,0,4,0
JFreeChart,org.jfree.chart.axis,MarkerAxisBand,302,0,22,0,74,0,18,0,7,0
JFreeChart,org.jfree.chart.axis,NumberTick,30,0,0,0,7,0,3,0,3,0
JFreeChart,org.jfree.chart.axis,CategoryLabelPosition,168,0,16,0,47,0,20,0,12,0
JFreeChart,org.jfree.chart.axis,CategoryLabelWidthType,38,0,0,0,3,0,4,0,4,0
JFreeChart,org.jfree.chart.axis,ValueAxis,1817,0,210,0,494,0,175,0,70,0
JFreeChart,org.jfree.chart.axis,CyclicNumberAxis,1612,0,206,0,396,0,138,0,35,0
JFreeChart,org.jfree.chart.axis,StandardTickUnitSource,62,0,2,0,15,0,8,0,7,0
JFreeChart,org.jfree.chart.axis,NumberTickUnit,92,0,10,0,26,0,12,0,7,0
JFreeChart,org.jfree.chart.axis,DateTick,58,0,6,0,16,0,8,0,5,0
JFreeChart,org.jfree.chart.axis,AxisSpace,464,0,48,0,106,0,43,0,19,0
JFreeChart,org.jfree.chart.axis,LogTick,15,0,0,0,4,0,2,0,2,0
JFreeChart,org.jfree.chart.axis,CyclicNumberAxis.CycleBoundTick,11,0,0,0,3,0,1,0,1,0
JFreeChart,org.jfree.chart.axis,CategoryAxis,1893,0,186,0,461,0,147,0,54,0
JFreeChart,org.jfree.chart.axis,DateTickUnitType,125,0,20,0,36,0,16,0,6,0
JFreeChart,org.jfree.chart.axis,AxisState,92,0,8,0,32,0,17,0,13,0
JFreeChart,org.jfree.chart.axis,LogarithmicAxis,1453,0,254,0,316,0,156,0,29,0
JFreeChart,org.jfree.chart.axis,Tick,89,0,12,0,29,0,14,0,8,0
JFreeChart,org.jfree.chart.axis,PeriodAxis,1740,0,138,0,388,0,115,0,46,0
JFreeChart,org.jfree.chart.axis,QuarterDateFormat,185,0,10,0,40,0,13,0,8,0
JFreeChart,org.jfree.chart.axis,CategoryLabelPositions,443,0,20,0,79,0,22,0,12,0
JFreeChart,org.jfree.chart.axis,AxisLabelLocation,48,0,0,0,4,0,4,0,4,0
JFreeChart,org.jfree.data.general,AbstractDataset,125,0,8,0,39,0,18,0,14,0
JFreeChart,org.jfree.data.general,DatasetGroup,44,0,6,0,17,0,8,0,5,0
JFreeChart,org.jfree.data.general,Series,262,0,20,0,75,0,32,0,22,0
JFreeChart,org.jfree.data.general,DefaultPieDataset,221,0,22,0,67,0,30,0,19,0
JFreeChart,org.jfree.data.general,DefaultHeatMapDataset,266,0,42,0,64,0,36,0,15,0
JFreeChart,org.jfree.data.general,HeatMapUtils,125,0,8,0,26,0,8,0,4,0
JFreeChart,org.jfree.data.general,DefaultValueDataset,59,0,6,0,18,0,10,0,7,0
JFreeChart,org.jfree.data.general,WaferMapDataset,211,0,20,0,55,0,29,0,19,0
JFreeChart,org.jfree.data.general,DatasetUtils,3624,0,556,0,892,0,336,0,58,0
JFreeChart,org.jfree.data.general,AbstractSeriesDataset,26,0,4,0,9,0,5,0,3,0
JFreeChart,org.jfree.data.general,SeriesChangeEvent,4,0,0,0,2,0,1,0,1,0
JFreeChart,org.jfree.data.general,SeriesException,4,0,0,0,2,0,1,0,1,0
JFreeChart,org.jfree.data.general,DefaultKeyedValuesDataset,3,0,0,0,1,0,1,0,1,0
JFreeChart,org.jfree.data.general,DatasetChangeEvent,10,0,0,0,4,0,2,0,2,0
JFreeChart,org.jfree.data.general,DefaultKeyedValueDataset,131,0,22,0,40,0,21,0,10,0
JFreeChart,org.jfree.data.general,DefaultKeyedValues2DDataset,3,0,0,0,1,0,1,0,1,0
JFreeChart,org.jfree.data.time.ohlc,OHLCSeries,70,0,4,0,16,0,8,0,6,0
JFreeChart,org.jfree.data.time.ohlc,OHLC,98,0,12,0,30,0,13,0,7,0
JFreeChart,org.jfree.data.time.ohlc,OHLCSeriesCollection,357,0,26,0,89,0,41,0,28,0
JFreeChart,org.jfree.data.time.ohlc,OHLCItem,62,0,8,0,20,0,11,0,7,0
JFreeChart,org.jfree.chart.resources,JFreeChartResources,61,0,0,0,3,0,3,0,3,0
JFreeChart,org.jfree.data.jdbc,JDBCPieDataset,154,0,17,0,53,0,15,0,6,0
JFreeChart,org.jfree.data.jdbc,JDBCCategoryDataset,213,0,28,0,67,0,22,0,7,0
JFreeChart,org.jfree.data.jdbc,JDBCXYDataset,449,0,56,0,125,0,47,0,18,0
JFreeChart,org.jfree.data.category,DefaultCategoryDataset,243,0,20,0,72,0,35,0,25,0
JFreeChart,org.jfree.data.category,DefaultIntervalCategoryDataset,750,0,120,0,184,0,92,0,32,0
JFreeChart,org.jfree.data.category,SlidingCategoryDataset,269,0,32,0,65,0,35,0,19,0
JFreeChart,org.jfree.data.category,CategoryToPieDataset,286,0,58,0,79,0,41,0,12,0
JFreeChart,org.jfree.chart.panel,AbstractOverlay,62,0,4,0,17,0,7,0,5,0
JFreeChart,org.jfree.chart.panel,CrosshairOverlay,989,0,150,0,250,0,95,0,20,0
JFreeChart,org.jfree.chart.renderer,LookupPaintScale.PaintItem,77,0,12,0,28,0,11,0,5,0
JFreeChart,org.jfree.chart.renderer,LookupPaintScale,250,0,34,0,67,0,28,0,11,0
JFreeChart,org.jfree.chart.renderer,AreaRendererEndType,48,0,0,0,4,0,4,0,4,0
JFreeChart,org.jfree.chart.renderer,DefaultPolarItemRenderer,1065,0,118,0,294,0,98,0,39,0
JFreeChart,org.jfree.chart.renderer,RendererState,35,0,4,0,14,0,7,0,5,0
JFreeChart,org.jfree.chart.renderer,RendererUtils,385,0,62,0,102,0,35,0,4,0
JFreeChart,org.jfree.chart.renderer,Outlier,166,0,22,0,35,0,22,0,11,0
JFreeChart,org.jfree.chart.renderer,WaferMapRenderer,474,0,56,0,120,0,44,0,15,0
JFreeChart,org.jfree.chart.renderer,NotOutlierException,4,0,0,0,2,0,1,0,1,0
JFreeChart,org.jfree.chart.renderer,AbstractRenderer,2541,0,304,0,688,0,310,0,158,0
JFreeChart,org.jfree.chart.renderer,OutlierListCollection,92,0,8,0,29,0,12,0,8,0
JFreeChart,org.jfree.chart.renderer,OutlierList,93,0,4,0,28,0,11,0,9,0
JFreeChart,org.jfree.chart.renderer,GrayPaintScale,146,0,16,0,38,0,18,0,10,0
JFreeChart,org.jfree.chart.util,CloneUtils,132,0,12,0,38,0,10,0,4,0
JFreeChart,org.jfree.chart.util,Args,69,0,6,0,10,0,7,0,4,0
JFreeChart,org.jfree.chart.util,SortOrder,38,0,0,0,3,0,4,0,4,0
JFreeChart,org.jfree.chart.util,XYCoordinateType,48,0,0,0,4,0,4,0,4,0
JFreeChart,org.jfree.chart.util,StringUtils,46,0,4,0,11,0,6,0,4,0
JFreeChart,org.jfree.chart.util,BooleanList,25,0,2,0,9,0,6,0,5,0
JFreeChart,org.jfree.chart.util,ObjectList,20,0,0,0,8,0,5,0,5,0
JFreeChart,org.jfree.chart.util,HMSNumberFormat,69,0,0,0,14,0,4,0,4,0
JFreeChart,org.jfree.chart.util,PaintAlpha,472,0,38,0,92,0,29,0,10,0
JFreeChart,org.jfree.chart.util,SerialUtils,959,0,108,0,283,0,70,0,14,0
JFreeChart,org.jfree.chart.util,DefaultShadowGenerator,445,0,30,0,96,0,28,0,13,0
JFreeChart,org.jfree.chart.util,Rotation,46,0,0,0,7,0,5,0,5,0
JFreeChart,org.jfree.chart.util,DirectionalGradientPaintTransformer,166,0,20,0,32,0,12,0,2,0
JFreeChart,org.jfree.chart.util,ResourceBundleWrapper,66,0,8,0,17,0,9,0,5,0
JFreeChart,org.jfree.chart.util,LineUtils,308,0,40,0,59,0,23,0,3,0
JFreeChart,org.jfree.chart.util,StrokeList,93,0,14,0,31,0,15,0,8,0
JFreeChart,org.jfree.chart.util,ArrayUtils,223,0,58,0,60,0,35,0,6,0
JFreeChart,org.jfree.chart.util,AbstractObjectList,244,0,34,0,67,0,30,0,13,0
JFreeChart,org.jfree.chart.util,LogFormat,190,0,18,0,51,0,20,0,11,0
JFreeChart,org.jfree.chart.util,ShapeList,112,0,16,0,34,0,16,0,8,0
JFreeChart,org.jfree.chart.util,ShapeUtils,899,0,124,0,199,0,85,0,23,0
JFreeChart,org.jfree.chart.util,HexNumberFormat,68,0,4,0,19,0,9,0,7,0
JFreeChart,org.jfree.chart.util,UnitType,38,0,0,0,3,0,4,0,4,0
JFreeChart,org.jfree.chart.util,RelativeDateFormat,483,0,40,0,134,0,48,0,28,0
JFreeChart,org.jfree.chart.util,PaintUtils,295,0,78,0,68,0,43,0,4,0
JFreeChart,org.jfree.chart.util,TableOrder,38,0,0,0,3,0,4,0,4,0
JFreeChart,org.jfree.chart.util,PaintList,111,0,18,0,35,0,16,0,7,0
JFreeChart,org.jfree.chart.util,ExportUtils,393,0,8,0,88,0,11,0,7,0
JFreeChart,org.jfree.chart.util,ObjectUtils,65,0,12,0,24,0,11,0,5,0
JFreeChart,org.jfree.chart.util,AttrStringUtils,504,0,92,0,113,0,62,0,16,0
JFreeChart,org.jfree.chart.entity,StandardEntityCollection,128,0,10,0,33,0,16,0,11,0
JFreeChart,org.jfree.chart.entity,TitleEntity,123,0,12,0,38,0,16,0,10,0
JFreeChart,org.jfree.chart.entity,ChartEntity,371,0,40,0,97,0,40,0,20,0
JFreeChart,org.jfree.chart.entity,XYAnnotationEntity,44,0,8,0,16,0,8,0,4,0
JFreeChart,org.jfree.chart.entity,CategoryItemEntity,103,0,10,0,29,0,14,0,9,0
JFreeChart,org.jfree.chart.entity,PlotEntity,123,0,12,0,38,0,16,0,10,0
JFreeChart,org.jfree.chart.entity,PieSectionEntity,131,0,12,0,38,0,18,0,12,0
JFreeChart,org.jfree.chart.entity,LegendItemEntity,76,0,10,0,22,0,13,0,8,0
JFreeChart,org.jfree.chart.entity,CategoryLabelEntity,78,0,6,0,21,0,8,0,5,0
JFreeChart,org.jfree.chart.entity,XYItemEntity,89,0,10,0,26,0,14,0,9,0
JFreeChart,org.jfree.chart.entity,TickLabelEntity,6,0,0,0,2,0,1,0,1,0
JFreeChart,org.jfree.chart.entity,JFreeChartEntity,123,0,12,0,38,0,16,0,10,0
JFreeChart,org.jfree.chart.entity,AxisEntity,123,0,12,0,38,0,16,0,10,0
JFreeChart,org.jfree.data.gantt,XYTaskDataset,318,0,24,0,80,0,42,0,30,0
JFreeChart,org.jfree.data.gantt,SlidingGanttCategoryDataset,667,0,60,0,122,0,63,0,33,0
JFreeChart,org.jfree.data.gantt,TaskSeries,118,0,12,0,37,0,16,0,10,0
JFreeChart,org.jfree.data.gantt,Task,138,0,12,0,44,0,21,0,15,0
JFreeChart,org.jfree.data.gantt,TaskSeriesCollection,652,0,60,0,179,0,67,0,37,0
JFreeChart,org.jfree.chart.date,SpreadsheetDate,414,0,64,0,80,0,52,0,20,0
JFreeChart,org.jfree.chart.date,SerialDate,831,0,75,0,150,0,76,0,34,0
JFreeChart,org.jfree.data.time,DynamicTimeSeriesCollection,915,0,92,0,203,0,89,0,42,0
JFreeChart,org.jfree.data.time,Year,229,0,18,0,61,0,27,0,18,0
JFreeChart,org.jfree.data.time,Week,601,0,62,0,157,0,55,0,24,0
JFreeChart,org.jfree.data.time,Minute,442,0,32,0,107,0,37,0,21,0
JFreeChart,org.jfree.data.time,Second,468,0,42,0,107,0,40,0,19,0
JFreeChart,org.jfree.data.time,Day,308,0,14,0,91,0,30,0,23,0
JFreeChart,org.jfree.data.time,TimePeriodValue,130,0,20,0,31,0,19,0,9,0
JFreeChart,org.jfree.data.time,DynamicTimeSeriesCollection.ValueSequence,39,0,2,0,10,0,5,0,4,0
JFreeChart,org.jfree.data.time,MovingAverage,425,0,54,0,99,0,34,0,7,0
JFreeChart,org.jfree.data.time,TimeTableXYDataset,400,0,36,0,105,0,50,0,32,0
JFreeChart,org.jfree.data.time,TimePeriodValuesCollection,425,0,38,0,116,0,41,0,22,0
JFreeChart,org.jfree.data.time,Millisecond,401,0,34,0,96,0,35,0,18,0
JFreeChart,org.jfree.data.time,RegularTimePeriod,170,0,20,0,38,0,19,0,9,0
JFreeChart,org.jfree.data.time,TimePeriodValues,583,0,52,0,158,0,53,0,27,0
JFreeChart,org.jfree.data.time,TimePeriodFormatException,4,0,0,0,2,0,1,0,1,0
JFreeChart,org.jfree.data.time,TimeSeries,1570,0,192,0,405,0,154,0,58,0
JFreeChart,org.jfree.data.time,SimpleTimePeriod,167,0,22,0,46,0,20,0,9,0
JFreeChart,org.jfree.data.time,TimePeriodAnchor,48,0,0,0,4,0,4,0,4,0
JFreeChart,org.jfree.data.time,Hour,400,0,28,0,97,0,37,0,23,0
JFreeChart,org.jfree.data.time,FixedMillisecond,140,0,16,0,44,0,25,0,17,0
JFreeChart,org.jfree.data.time,Month,466,0,52,0,120,0,49,0,23,0
JFreeChart,org.jfree.data.time,TimeSeriesCollection,741,0,72,0,193,0,74,0,38,0
JFreeChart,org.jfree.data.time,TimeSeriesTableModel,143,0,32,0,51,0,27,0,11,0
JFreeChart,org.jfree.data.time,TimeSeriesDataItem,113,0,14,0,36,0,16,0,9,0
JFreeChart,org.jfree.data.time,DateRange,89,0,0,0,19,0,9,0,9,0
JFreeChart,org.jfree.data.time,Quarter,466,0,34,0,94,0,39,0,22,0
JFreeChart,org.jfree.chart.renderer.category,MinMaxCategoryRenderer,569,0,36,0,126,0,37,0,19,0
JFreeChart,org.jfree.chart.renderer.category,LevelRenderer,513,0,48,0,119,0,37,0,13,0
JFreeChart,org.jfree.chart.renderer.category,CategoryStepRenderer.State,9,0,0,0,3,0,1,0,1,0
JFreeChart,org.jfree.chart.renderer.category,LayeredBarRenderer,730,0,102,0,167,0,58,0,7,0
JFreeChart,org.jfree.chart.renderer.category,StandardBarPainter,215,0,34,0,62,0,23,0,6,0
JFreeChart,org.jfree.chart.renderer.category,StatisticalBarRenderer,799,0,104,0,181,0,64,0,12,0
JFreeChart,org.jfree.chart.renderer.category,DefaultCategoryItemRenderer,3,0,0,0,1,0,1,0,1,0
JFreeChart,org.jfree.chart.renderer.category,StackedAreaRenderer,807,0,64,0,178,0,43,0,11,0
JFreeChart,org.jfree.chart.renderer.category,BarRenderer,1533,0,218,0,385,0,159,0,50,0
JFreeChart,org.jfree.chart.renderer.category,LineAndShapeRenderer,825,0,102,0,222,0,86,0,35,0
JFreeChart,org.jfree.chart.renderer.category,ScatterRenderer,524,0,62,0,149,0,55,0,24,0
JFreeChart,org.jfree.chart.renderer.category,StatisticalLineAndShapeRenderer,608,0,76,0,146,0,50,0,12,0
JFreeChart,org.jfree.chart.renderer.category,GroupedStackedBarRenderer,479,0,68,0,114,0,41,0,7,0
JFreeChart,org.jfree.chart.renderer.category,AreaRenderer,473,0,50,0,119,0,32,0,7,0
JFreeChart,org.jfree.chart.renderer.category,CategoryStepRenderer,414,0,42,0,98,0,30,0,9,0
JFreeChart,org.jfree.chart.renderer.category,MinMaxCategoryRenderer.new Icon() {...},63,0,4,0,11,0,6,0,4,0
JFreeChart,org.jfree.chart.renderer.category,MinMaxCategoryRenderer.new Icon() {...},71,0,4,0,13,0,6,0,4,0
JFreeChart,org.jfree.chart.renderer.category,CategoryItemRendererState,92,0,10,0,31,0,16,0,11,0
JFreeChart,org.jfree.chart.renderer.category,AbstractCategoryItemRenderer,1888,0,212,0,535,0,165,0,59,0
JFreeChart,org.jfree.chart.renderer.category,BoxAndWhiskerRenderer,1637,0,150,0,355,0,105,0,30,0
JFreeChart,org.jfree.chart.renderer.category,StackedBarRenderer,448,0,84,0,113,0,51,0,9,0
JFreeChart,org.jfree.chart.renderer.category,IntervalBarRenderer,250,0,30,0,64,0,20,0,5,0
JFreeChart,org.jfree.chart.renderer.category,WaterfallBarRenderer,595,0,62,0,150,0,46,0,15,0
JFreeChart,org.jfree.chart.renderer.category,GradientBarPainter,705,0,50,0,148,0,34,0,9,0
JFreeChart,org.jfree.chart.renderer.category,GanttRenderer,891,0,86,0,199,0,59,0,16,0
JFreeChart,org.jfree.chart.renderer.xy,WindItemRenderer,258,0,0,0,48,0,3,0,3,0
JFreeChart,org.jfree.chart.renderer.xy,StandardXYItemRenderer,952,0,140,0,250,0,104,0,34,0
JFreeChart,org.jfree.chart.renderer.xy,CyclicXYItemRenderer,780,0,118,0,106,0,64,0,5,0
JFreeChart,org.jfree.chart.renderer.xy,CyclicXYItemRenderer.OverwriteDataSet,109,0,6,0,28,0,17,0,14,0
JFreeChart,org.jfree.chart.renderer.xy,DeviationRenderer.State,14,0,0,0,4,0,1,0,1,0
JFreeChart,org.jfree.chart.renderer.xy,XYDifferenceRenderer,1925,0,224,0,462,0,137,0,25,0
JFreeChart,org.jfree.chart.renderer.xy,XYBoxAndWhiskerRenderer,1256,0,92,0,253,0,69,0,23,0
JFreeChart,org.jfree.chart.renderer.xy,DefaultXYItemRenderer,3,0,0,0,1,0,1,0,1,0
JFreeChart,org.jfree.chart.renderer.xy,XYLineAndShapeRenderer.State,31,0,0,0,10,0,4,0,4,0
JFreeChart,org.jfree.chart.renderer.xy,AbstractXYItemRenderer,2202,0,214,0,600,0,160,0,53,0
JFreeChart,org.jfree.chart.renderer.xy,DeviationRenderer,413,0,38,0,85,0,31,0,12,0
JFreeChart,org.jfree.chart.renderer.xy,XYBarRenderer.XYBarRendererState,14,0,0,0,6,0,3,0,3,0
JFreeChart,org.jfree.chart.renderer.xy,XYAreaRenderer2,551,0,40,0,138,0,32,0,12,0
JFreeChart,org.jfree.chart.renderer.xy,XYBubbleRenderer,430,0,47,0,101,0,31,0,7,0
JFreeChart,org.jfree.chart.renderer.xy,XYErrorRenderer,491,0,40,0,113,0,37,0,17,0
JFreeChart,org.jfree.chart.renderer.xy,StandardXYItemRenderer.State,18,0,0,0,8,0,5,0,5,0
JFreeChart,org.jfree.chart.renderer.xy,GradientXYBarPainter,704,0,50,0,148,0,34,0,9,0
JFreeChart,org.jfree.chart.renderer.xy,XYItemRendererState,33,0,0,0,13,0,7,0,7,0
JFreeChart,org.jfree.chart.renderer.xy,XYDotRenderer,324,0,34,0,89,0,30,0,13,0
JFreeChart,org.jfree.chart.renderer.xy,XYSplineRenderer,836,0,70,0,153,0,48,0,13,0
JFreeChart,org.jfree.chart.renderer.xy,XYStepRenderer,389,0,50,0,83,0,34,0,9,0
JFreeChart,org.jfree.chart.renderer.xy,XYShapeRenderer,509,0,58,0,145,0,54,0,25,0
JFreeChart,org.jfree.chart.renderer.xy,SamplingXYLineRenderer.State,37,0,0,0,12,0,2,0,2,0
JFreeChart,org.jfree.chart.renderer.xy,VectorRenderer,540,0,48,0,125,0,30,0,6,0
JFreeChart,org.jfree.chart.renderer.xy,XYAreaRenderer,884,0,96,0,228,0,70,0,22,0
JFreeChart,org.jfree.chart.renderer.xy,ClusteredXYBarRenderer,454,0,66,0,111,0,41,0,8,0
JFreeChart,org.jfree.chart.renderer.xy,XYBlockRenderer,608,0,64,0,152,0,51,0,19,0
JFreeChart,org.jfree.chart.renderer.xy,YIntervalRenderer,291,0,22,0,74,0,19,0,8,0
JFreeChart,org.jfree.chart.renderer.xy,CandlestickRenderer,902,0,92,0,236,0,77,0,30,0
JFreeChart,org.jfree.chart.renderer.xy,XYStepAreaRenderer,645,0,98,0,165,0,69,0,20,0
JFreeChart,org.jfree.chart.renderer.xy,HighLowRenderer,499,0,68,0,129,0,51,0,17,0
JFreeChart,org.jfree.chart.renderer.xy,XYSplineRenderer.XYSplineState,14,0,0,0,4,0,1,0,1,0
JFreeChart,org.jfree.chart.renderer.xy,SamplingXYLineRenderer,325,0,28,0,83,0,22,0,8,0
JFreeChart,org.jfree.chart.renderer.xy,StackedXYAreaRenderer2,918,0,68,0,201,0,46,0,12,0
JFreeChart,org.jfree.chart.renderer.xy,StackedXYAreaRenderer,635,0,88,0,164,0,60,0,16,0
JFreeChart,org.jfree.chart.renderer.xy,StackedXYBarRenderer,506,0,86,0,119,0,53,0,10,0
JFreeChart,org.jfree.chart.renderer.xy,XYSplineRenderer.FillType,58,0,0,0,5,0,4,0,4,0
JFreeChart,org.jfree.chart.renderer.xy,StackedXYAreaRenderer.StackedXYAreaRendererState,46,0,0,0,16,0,8,0,8,0
JFreeChart,org.jfree.chart.renderer.xy,XYBarRenderer,1382,0,210,0,352,0,150,0,45,0
JFreeChart,org.jfree.chart.renderer.xy,XYAreaRenderer.XYAreaRendererState,14,0,0,0,4,0,1,0,1,0
JFreeChart,org.jfree.chart.renderer.xy,XYLineAndShapeRenderer,1040,0,136,0,276,0,112,0,44,0
JFreeChart,org.jfree.chart.renderer.xy,StandardXYBarPainter,214,0,34,0,62,0,23,0,6,0
JFreeChart,org.jfree.data,KeyedObject,68,0,10,0,23,0,11,0,6,0
JFreeChart,org.jfree.data,DefaultKeyedValues2D,584,0,68,0,149,0,57,0,23,0
JFreeChart,org.jfree.data,DefaultKeyedValues,504,0,44,0,118,0,44,0,22,0
JFreeChart,org.jfree.data,KeyedValuesItemKey,73,0,6,0,21,0,8,0,5,0
JFreeChart,org.jfree.data,DataUtils,329,0,48,0,80,0,34,0,10,0
JFreeChart,org.jfree.data,Range,467,0,72,0,100,0,59,0,23,0
JFreeChart,org.jfree.data,RangeType,48,0,0,0,4,0,4,0,4,0
JFreeChart,org.jfree.data,DomainOrder,48,0,0,0,4,0,4,0,4,0
JFreeChart,org.jfree.data,KeyedValueComparator,149,0,28,0,45,0,18,0,4,0
JFreeChart,org.jfree.data,UnknownKeyException,4,0,0,0,2,0,1,0,1,0
JFreeChart,org.jfree.data,KeyedObjects2D,616,0,70,0,152,0,57,0,22,0
JFreeChart,org.jfree.data,DefaultKeyedValue,107,0,16,0,25,0,16,0,8,0
JFreeChart,org.jfree.data,KeyedObjects,336,0,44,0,95,0,38,0,16,0
JFreeChart,org.jfree.data,KeyedValues2DItemKey,148,0,10,0,38,0,13,0,8,0
JFreeChart,org.jfree.data,ComparableObjectSeries,429,0,60,0,114,0,50,0,20,0
JFreeChart,org.jfree.data,ComparableObjectItem,91,0,12,0,28,0,14,0,8,0
JFreeChart,org.jfree.data,KeyToGroupMap,305,0,42,0,94,0,33,0,12,0
JFreeChart,org.jfree.data,KeyedValueComparatorType,38,0,0,0,3,0,4,0,4,0
JFreeChart,org.jfree.chart.ui,Layer,38,0,0,0,3,0,4,0,4,0
JFreeChart,org.jfree.chart.ui,LCBLayout,539,0,40,0,84,0,28,0,8,0
JFreeChart,org.jfree.chart.ui,StrokeChooserPanel,64,0,2,0,13,0,4,0,3,0
JFreeChart,org.jfree.chart.ui,TextAnchor,342,0,96,0,68,0,62,0,14,0
JFreeChart,org.jfree.chart.ui,UIUtils,206,0,6,0,49,0,13,0,10,0
JFreeChart,org.jfree.chart.ui,Size2D,79,0,8,0,24,0,13,0,9,0
JFreeChart,org.jfree.chart.ui,FontDisplayField,46,0,2,0,13,0,6,0,5,0
JFreeChart,org.jfree.chart.ui,StrokeSample,168,0,4,0,37,0,8,0,6,0
JFreeChart,org.jfree.chart.ui,Align,84,0,12,0,20,0,8,0,2,0
JFreeChart,org.jfree.chart.ui,StandardGradientPaintTransformer,166,0,18,0,41,0,16,0,7,0
JFreeChart,org.jfree.chart.ui,RectangleAnchor,359,0,36,0,53,0,24,0,6,0
JFreeChart,org.jfree.chart.ui,VerticalAlignment,48,0,0,0,4,0,4,0,4,0
JFreeChart,org.jfree.chart.ui,NumberCellRenderer,34,0,4,0,12,0,4,0,2,0
JFreeChart,org.jfree.chart.ui,PaintSample,90,0,0,0,22,0,5,0,5,0
JFreeChart,org.jfree.chart.ui,RectangleEdge,136,0,24,0,27,0,20,0,8,0
JFreeChart,org.jfree.chart.ui,GradientPaintTransformType,58,0,0,0,5,0,4,0,4,0
JFreeChart,org.jfree.chart.ui,StrokeChooserPanel.new ActionListener() {...},11,0,0,0,3,0,2,0,2,0
JFreeChart,org.jfree.chart.ui,HorizontalAlignment,48,0,0,0,4,0,4,0,4,0
JFreeChart,org.jfree.chart.ui,ApplicationFrame,22,0,2,0,13,0,9,0,8,0
JFreeChart,org.jfree.chart.ui,LengthAdjustmentType,48,0,0,0,4,0,4,0,4,0
JFreeChart,org.jfree.chart.ui,RectangleInsets,715,0,64,0,151,0,62,0,30,0
JFreeChart,org.jfree.chart.ui,FontChooserPanel,337,0,20,0,71,0,17,0,7,0
JFreeChart,org.jfree.chart.text,TextBox,489,0,46,0,121,0,48,0,25,0
JFreeChart,org.jfree.chart.text,AttributedStringUtils,83,0,18,0,28,0,11,0,2,0
JFreeChart,org.jfree.chart.text,TextUtils,1105,0,124,0,260,0,86,0,24,0
JFreeChart,org.jfree.chart.text,TextFragment,268,0,32,0,68,0,32,0,16,0
JFreeChart,org.jfree.chart.text,TextBlock,348,0,48,0,77,0,38,0,14,0
JFreeChart,org.jfree.chart.text,TextLine,276,0,28,0,76,0,27,0,13,0
JFreeChart,org.jfree.chart.text,TextBlockAnchor,108,0,0,0,10,0,4,0,4,0
JFreeChart,org.jfree.chart.text,G2TextMeasurer,25,0,0,0,7,0,2,0,2,0
JFreeChart,org.jfree.data.function,LineFunction2D,63,0,6,0,19,0,9,0,6,0
JFreeChart,org.jfree.data.function,NormalDistributionFunction2D,96,0,8,0,24,0,10,0,6,0
JFreeChart,org.jfree.data.function,PowerFunction2D,63,0,6,0,19,0,9,0,6,0
JFreeChart,org.jfree.data.function,PolynomialFunction2D,65,0,4,0,15,0,8,0,6,0
JFreeChart,org.jfree.data.json.impl,JSONArray,107,0,16,0,41,0,14,0,6,0
JFreeChart,org.jfree.data.json.impl,JSONValue,323,0,81,0,95,0,49,0,5,0
JFreeChart,org.jfree.data.json.impl,JSONObject,157,0,14,0,49,0,15,0,8,0
JFreeChart,org.jfree.data.xy,DefaultTableXYDataset,662,0,74,0,171,0,73,0,36,0
JFreeChart,org.jfree.data.xy,VectorSeries,74,0,0,0,20,0,10,0,10,0
JFreeChart,org.jfree.data.xy,XYBarDataset,210,0,14,0,50,0,29,0,22,0
JFreeChart,org.jfree.data.xy,XYDatasetTableModel,99,0,14,0,32,0,17,0,10,0
JFreeChart,org.jfree.data.xy,XYInterval,88,0,14,0,28,0,14,0,7,0
JFreeChart,org.jfree.data.xy,DefaultHighLowDataset,252,0,30,0,71,0,34,0,19,0
JFreeChart,org.jfree.data.xy,WindDataItem,91,0,16,0,28,0,14,0,6,0
JFreeChart,org.jfree.data.xy,XYIntervalDataItem,74,0,10,0,23,0,12,0,7,0
JFreeChart,org.jfree.data.xy,DefaultWindDataset,308,0,30,0,67,0,28,0,13,0
JFreeChart,org.jfree.data.xy,CategoryTableXYDataset,233,0,12,0,63,0,33,0,27,0
JFreeChart,org.jfree.data.xy,Vector,99,0,8,0,24,0,11,0,7,0
JFreeChart,org.jfree.data.xy,DefaultOHLCDataset,196,0,18,0,56,0,29,0,20,0
JFreeChart,org.jfree.data.xy,YIntervalSeries,64,0,0,0,17,0,9,0,9,0
JFreeChart,org.jfree.data.xy,MatrixSeriesCollection,226,0,22,0,60,0,27,0,16,0
JFreeChart,org.jfree.data.xy,XYDataItem,168,0,18,0,50,0,22,0,13,0
JFreeChart,org.jfree.data.xy,XYIntervalSeries,82,0,0,0,21,0,11,0,11,0
JFreeChart,org.jfree.data.xy,DefaultXYDataset,366,0,34,0,77,0,32,0,15,0
JFreeChart,org.jfree.data.xy,AbstractXYDataset,33,0,4,0,12,0,6,0,4,0
JFreeChart,org.jfree.data.xy,AbstractXYZDataset,17,0,2,0,6,0,3,0,2,0
JFreeChart,org.jfree.data.xy,DefaultXYZDataset,428,0,38,0,87,0,36,0,17,0
JFreeChart,org.jfree.data.xy,VectorSeriesCollection,219,0,12,0,55,0,24,0,18,0
JFreeChart,org.jfree.data.xy,DefaultIntervalXYDataset,573,0,48,0,111,0,44,0,20,0
JFreeChart,org.jfree.data.xy,XYItemKey,139,0,10,0,36,0,13,0,8,0
JFreeChart,org.jfree.data.xy,XYCoordinate,147,0,18,0,37,0,17,0,8,0
JFreeChart,org.jfree.data.xy,XIntervalDataItem,50,0,6,0,15,0,8,0,5,0
JFreeChart,org.jfree.data.xy,XIntervalSeries,64,0,0,0,17,0,9,0,9,0
JFreeChart,org.jfree.data.xy,MatrixSeries,161,0,18,0,38,0,20,0,11,0
JFreeChart,org.jfree.data.xy,IntervalXYDelegate,355,0,42,0,97,0,43,0,22,0
JFreeChart,org.jfree.data.xy,XIntervalSeriesCollection,260,0,16,0,63,0,28,0,20,0
JFreeChart,org.jfree.data.xy,VectorDataItem,53,0,4,0,15,0,8,0,6,0
JFreeChart,org.jfree.data.xy,YWithXInterval,60,0,10,0,20,0,10,0,5,0
JFreeChart,org.jfree.data.xy,YInterval,60,0,10,0,20,0,10,0,5,0
JFreeChart,org.jfree.data.xy,XYIntervalSeriesCollection,276,0,18,0,63,0,31,0,22,0
JFreeChart,org.jfree.data.xy,YIntervalSeriesCollection,244,0,16,0,59,0,28,0,20,0
JFreeChart,org.jfree.data.xy,OHLCDataItem,129,0,16,0,35,0,17,0,9,0
JFreeChart,org.jfree.data.xy,NormalizedMatrixSeries,72,0,0,0,19,0,6,0,6,0
JFreeChart,org.jfree.data.xy,YIntervalDataItem,50,0,6,0,15,0,8,0,5,0
JFreeChart,org.jfree.data.xy,XYSeriesCollection,705,0,90,0,192,0,82,0,37,0
JFreeChart,org.jfree.data.xy,AbstractIntervalXYDataset,59,0,8,0,21,0,9,0,5,0
JFreeChart,org.jfree.data.xy,XYSeries,1003,0,124,0,256,0,107,0,45,0
JFreeChart,org.jfree.data.statistics,HistogramType,48,0,0,0,4,0,4,0,4,0
JFreeChart,org.jfree.data.statistics,DefaultMultiValueCategoryDataset,375,0,48,0,99,0,43,0,19,0
JFreeChart,org.jfree.data.statistics,BoxAndWhiskerCalculator,296,0,34,0,69,0,22,0,5,0
JFreeChart,org.jfree.data.statistics,DefaultBoxAndWhiskerXYDataset,385,0,42,0,113,0,48,0,27,0
JFreeChart,org.jfree.data.statistics,MeanAndStandardDeviation,96,0,12,0,27,0,14,0,8,0
JFreeChart,org.jfree.data.statistics,Statistics,672,0,68,0,148,0,48,0,14,0
JFreeChart,org.jfree.data.statistics,SimpleHistogramBin,226,0,50,0,63,0,36,0,11,0
JFreeChart,org.jfree.data.statistics,DefaultStatisticalCategoryDataset,717,0,112,0,192,0,85,0,29,0
JFreeChart,org.jfree.data.statistics,DefaultBoxAndWhiskerCategoryDataset,715,0,90,0,212,0,89,0,44,0
JFreeChart,org.jfree.data.statistics,HistogramBin,102,0,20,0,25,0,18,0,8,0
JFreeChart,org.jfree.data.statistics,SimpleHistogramDataset,337,0,30,0,87,0,42,0,27,0
JFreeChart,org.jfree.data.statistics,HistogramDataset,509,0,46,0,109,0,44,0,21,0
JFreeChart,org.jfree.data.statistics,BoxAndWhiskerItem,216,0,24,0,49,0,25,0,13,0
JFreeChart,org.jfree.data.statistics,Regression,958,0,62,0,174,0,38,0,7,0
JFreeChart,org.jfree.chart.block,RectangleConstraint,340,0,28,0,66,0,34,0,20,0
JFreeChart,org.jfree.chart.block,ColorBlock,99,0,6,0,32,0,11,0,8,0
JFreeChart,org.jfree.chart.block,BorderArrangement,1415,0,126,0,231,0,74,0,11,0
JFreeChart,org.jfree.chart.block,EmptyBlock,45,0,0,0,13,0,5,0,5,0
JFreeChart,org.jfree.chart.block,LengthConstraintType,48,0,0,0,4,0,4,0,4,0
JFreeChart,org.jfree.chart.block,GridArrangement,650,0,74,0,146,0,51,0,14,0
JFreeChart,org.jfree.chart.block,LabelBlock,329,0,28,0,93,0,37,0,23,0
JFreeChart,org.jfree.chart.block,BlockBorder,215,0,16,0,56,0,20,0,12,0
JFreeChart,org.jfree.chart.block,ColumnArrangement,486,0,62,0,112,0,42,0,11,0
JFreeChart,org.jfree.chart.block,BlockParams,33,0,0,0,14,0,7,0,7,0
JFreeChart,org.jfree.chart.block,FlowArrangement,547,0,64,0,123,0,46,0,14,0
JFreeChart,org.jfree.chart.block,LineBorder,252,0,22,0,66,0,20,0,9,0
JFreeChart,org.jfree.chart.block,BlockContainer,219,0,22,0,67,0,25,0,14,0
JFreeChart,org.jfree.chart.block,AbstractBlock,493,0,34,0,136,0,54,0,37,0
JFreeChart,org.jfree.chart.block,CenterArrangement,308,0,36,0,71,0,31,0,13,0
JFreeChart,org.jfree.chart.block,BlockResult,13,0,0,0,6,0,3,0,3,0
JFreeChart,org.jfree.chart.plot.dial,StandardDialRange,389,0,24,0,97,0,34,0,22,0
JFreeChart,org.jfree.chart.plot.dial,StandardDialScale,981,0,70,0,237,0,84,0,49,0
JFreeChart,org.jfree.chart.plot.dial,DialPointer.Pin,177,0,8,0,50,0,15,0,11,0
JFreeChart,org.jfree.chart.plot.dial,StandardDialFrame,296,0,14,0,77,0,24,0,17,0
JFreeChart,org.jfree.chart.plot.dial,DialPointer.Pointer,322,0,10,0,83,0,18,0,13,0
JFreeChart,org.jfree.chart.plot.dial,DialValueIndicator,699,0,40,0,188,0,60,0,40,0
JFreeChart,org.jfree.chart.plot.dial,DialPointer,85,0,8,0,29,0,14,0,10,0
JFreeChart,org.jfree.chart.plot.dial,DialBackground,142,0,10,0,45,0,18,0,13,0
JFreeChart,org.jfree.chart.plot.dial,DialPlot,864,0,82,0,236,0,82,0,41,0
JFreeChart,org.jfree.chart.plot.dial,DialLayerChangeEvent,10,0,0,0,4,0,2,0,2,0
JFreeChart,org.jfree.chart.plot.dial,ArcDialFrame,547,0,22,0,127,0,36,0,25,0
JFreeChart,org.jfree.chart.plot.dial,DialTextAnnotation,319,0,18,0,83,0,29,0,20,0
JFreeChart,org.jfree.chart.plot.dial,DialCap,238,0,14,0,67,0,23,0,16,0
JFreeChart,org.jfree.chart.plot.dial,AbstractDialLayer,122,0,10,0,34,0,16,0,11,0
JFreeChart,org.jfree.data.resources,DataPackageResources_fr,35,0,0,0,3,0,3,0,3,0
JFreeChart,org.jfree.data.resources,DataPackageResources_es,35,0,0,0,3,0,3,0,3,0
JFreeChart,org.jfree.data.resources,DataPackageResources_de,35,0,0,0,3,0,3,0,3,0
JFreeChart,org.jfree.data.resources,DataPackageResources,35,0,0,0,3,0,3,0,3,0
JFreeChart,org.jfree.data.resources,DataPackageResources_ru,35,0,0,0,3,0,3,0,3,0
JFreeChart,org.jfree.data.resources,DataPackageResources_pl,35,0,0,0,3,0,3,0,3,0
JFreeChart,org.jfree.chart.annotations,XYDataImageAnnotation,289,0,26,0,75,0,29,0,16,0
JFreeChart,org.jfree.chart.annotations,XYTitleAnnotation,436,0,44,0,110,0,37,0,15,0
JFreeChart,org.jfree.chart.annotations,CategoryLineAnnotation,385,0,20,0,106,0,29,0,19,0
JFreeChart,org.jfree.chart.annotations,XYDrawableAnnotation,291,0,22,0,60,0,17,0,6,0
JFreeChart,org.jfree.chart.annotations,XYBoxAnnotation,325,0,30,0,78,0,24,0,9,0
JFreeChart,org.jfree.chart.annotations,CategoryPointerAnnotation,566,0,24,0,140,0,35,0,23,0
JFreeChart,org.jfree.chart.annotations,XYTextAnnotation,543,0,38,0,160,0,51,0,32,0
JFreeChart,org.jfree.chart.annotations,CategoryTextAnnotation,225,0,16,0,62,0,19,0,11,0
JFreeChart,org.jfree.chart.annotations,XYPointerAnnotation,611,0,30,0,148,0,38,0,23,0
JFreeChart,org.jfree.chart.annotations,XYPolygonAnnotation,356,0,34,0,84,0,30,0,13,0
JFreeChart,org.jfree.chart.annotations,XYImageAnnotation,231,0,22,0,67,0,23,0,12,0
JFreeChart,org.jfree.chart.annotations,XYLineAnnotation,328,0,28,0,80,0,22,0,8,0
JFreeChart,org.jfree.chart.annotations,TextAnnotation,243,0,16,0,76,0,26,0,18,0
JFreeChart,org.jfree.chart.annotations,XYShapeAnnotation,338,0,26,0,84,0,22,0,9,0
JFreeChart,org.jfree.chart.annotations,AbstractXYAnnotation,102,0,16,0,34,0,16,0,8,0
JFreeChart,org.jfree.chart.annotations,AbstractAnnotation,104,0,8,0,31,0,15,0,11,0
JFreeChart,org.jfree.chart.event,OverlayChangeEvent,4,0,0,0,2,0,1,0,1,0
JFreeChart,org.jfree.chart.event,ChartChangeEventType,48,0,0,0,4,0,4,0,4,0
JFreeChart,org.jfree.chart.event,PlotChangeEvent,10,0,0,0,4,0,2,0,2,0
JFreeChart,org.jfree.chart.event,MarkerChangeEvent,10,0,0,0,4,0,2,0,2,0
JFreeChart,org.jfree.chart.event,TitleChangeEvent,10,0,0,0,4,0,2,0,2,0
JFreeChart,org.jfree.chart.event,AnnotationChangeEvent,13,0,0,0,5,0,2,0,2,0
JFreeChart,org.jfree.chart.event,AxisChangeEvent,10,0,0,0,4,0,2,0,2,0
JFreeChart,org.jfree.chart.event,ChartChangeEvent,36,0,0,0,14,0,7,0,7,0
JFreeChart,org.jfree.chart.event,RendererChangeEvent,21,0,0,0,8,0,4,0,4,0
JFreeChart,org.jfree.chart.event,ChartProgressEvent,34,0,0,0,14,0,7,0,7,0
