GROUP,PACKAGE,CLASS,INSTRUCTION_MISSED,INSTRUCTION_COVERED,BRANCH_MISSED,BRANCH_COVERED,LINE_MISSED,LINE_COVERED,COMPLEXITY_MISSED,COMPLEXITY_COVERED,METHOD_MISSED,METHOD_COVERED,Statement_Coverage,Branch_Coverage,Complexity,rank.N,rank.O,rank.P,D*2 (Q&R),D*2 (Q&S),D*2 (R&S)
Apache Commons Collections,org.apache.commons.collections4.keyvalue,TiedMapEntry,3,106,5,17,1,21,5,13,0,7,0.972477064,0.772727273,18,250,90.5,371.5,25440.25,14762.25,78961
Apache Commons Collections,org.apache.commons.collections4.keyvalue,AbstractMapEntry,0,70,1,19,0,13,1,13,0,4,1,0.95,14,366.5,322,321,1980.25,2070.25,1
Apache Commons Collections,org.apache.commons.collections4.keyvalue,UnmodifiableMapEntry,0,24,0,0,0,7,0,4,0,4,1,0.81,4,366,175.5,116.5,36290.25,62250.25,3481
Apache Commons Collections,org.apache.commons.collections4.keyvalue,AbstractKeyValue,0,44,0,0,0,17,0,6,0,6,1,0.81,6,365.5,175,176,36290.25,35910.25,1
Apache Commons Collections,org.apache.commons.collections4.keyvalue,MultiKey,0,195,0,12,0,37,0,20,0,14,1,1,20,365,397.5,387.5,1056.25,506.25,100
Apache Commons Collections,org.apache.commons.collections4.keyvalue,DefaultMapEntry,0,19,0,0,0,6,0,3,0,3,1,0.81,3,364.5,174.5,83.5,36100,78961,8281
Apache Commons Collections,org.apache.commons.collections4.keyvalue,DefaultKeyValue,3,111,5,19,1,24,5,16,0,9,0.973684211,0.791666667,21,253,95,394,24964,19881,89401
Apache Commons Collections,org.apache.commons.collections4.keyvalue,AbstractMapEntryDecorator,11,36,2,2,3,11,3,7,1,7,0.765957447,0.5,10,96,36,261,3600,27225,50625
Apache Commons Collections,org.apache.commons.collections4.splitmap,TransformedSplitMap,24,94,3,5,7,23,5,10,2,9,0.796610169,0.625,15,108,55.5,329.5,2756.25,49062.25,75076
Apache Commons Collections,org.apache.commons.collections4.splitmap,AbstractIterableGetMapDecorator,22,61,2,2,5,18,5,13,3,13,0.734939759,0.5,18,83,35.5,365,2256.25,79524,108570.25
Apache Commons Collections,org.apache.commons.collections4.collection,AbstractCollectionDecorator,3,84,0,2,2,23,1,18,1,17,0.965517241,1,19,235,392,374,24649,19321,324
Apache Commons Collections,org.apache.commons.collections4.collection,TransformedCollection,0,103,1,7,0,21,1,10,0,7,1,0.875,11,359,264.5,281.5,8930.25,6006.25,289
Apache Commons Collections,org.apache.commons.collections4.collection,IndexedCollection,6,207,1,21,1,55,2,25,1,15,0.971830986,0.954545455,27,245,315.5,411.5,4970.25,27722.25,9216
Apache Commons Collections,org.apache.commons.collections4.collection,UnmodifiableBoundedCollection,29,75,5,9,7,21,7,13,2,11,0.721153846,0.642857143,20,76,58,381,324,93025,104329
Apache Commons Collections,org.apache.commons.collections4.collection,PredicatedCollection,0,94,0,8,0,20,0,11,0,7,1,1,11,356.5,388.5,281,1024,5700.25,11556.25
Apache Commons Collections,org.apache.commons.collections4.collection,CompositeCollection,50,337,1,41,14,83,7,39,6,19,0.870801034,0.976190476,46,147,317,436,28900,83521,14161
Apache Commons Collections,org.apache.commons.collections4.collection,SynchronizedCollection,10,230,3,9,2,49,3,23,0,20,0.958333333,0.75,26,218.5,79,407,19460.25,35532.25,107584
Apache Commons Collections,org.apache.commons.collections4.collection,PredicatedCollection.Builder,50,138,8,10,12,36,9,14,2,12,0.734042553,0.555555556,23,81,45.5,395,1260.25,98596,122150.25
Apache Commons Collections,org.apache.commons.collections4.collection,UnmodifiableCollection,0,45,0,2,0,13,0,10,0,9,1,1,10,353,385,260.5,1024,8556.25,15500.25
Apache Commons Collections,org.apache.commons.collections4.comparators,TransformingComparator,14,101,9,13,0,22,7,9,0,5,0.87826087,0.590909091,16,148,49,339.5,9801,36672.25,84390.25
Apache Commons Collections,org.apache.commons.collections4.comparators,FixedOrderComparator.new Object() {...},3,23,0,0,0,1,0,1,0,1,0.884615385,0.81,1,150.5,166,6.5,240.25,20736,25440.25
Apache Commons Collections,org.apache.commons.collections4.comparators,ReverseComparator,8,46,2,6,3,12,3,6,1,4,0.851851852,0.75,9,133,76.5,239.5,3192.25,11342.25,26569
Apache Commons Collections,org.apache.commons.collections4.comparators,BooleanComparator,7,79,1,13,1,17,2,15,1,9,0.918604651,0.928571429,17,176,300,347.5,15376,29412.25,2256.25
Apache Commons Collections,org.apache.commons.collections4.comparators,ComparableComparator,0,33,0,6,0,8,0,9,0,6,1,1,9,348.5,380.5,239,1024,11990.25,20022.25
Apache Commons Collections,org.apache.commons.collections4.comparators,FixedOrderComparator.UnknownObjectBehavior,0,34,0,0,0,2,0,1,0,1,1,0.81,1,348,164.5,6,33672.25,116964,25122.25
Apache Commons Collections,org.apache.commons.collections4.comparators,FixedOrderComparator,63,320,22,44,6,57,20,26,0,12,0.835509138,0.666666667,46,123,58.5,426.5,4160.25,92112.25,135424
Apache Commons Collections,org.apache.commons.collections4.comparators,NullComparator,33,73,8,16,6,17,10,9,3,4,0.688679245,0.666666667,19,64,58,364.5,36,90300.25,93942.25
Apache Commons Collections,org.apache.commons.collections4.comparators,ComparatorChain,70,219,15,27,19,58,18,21,6,12,0.757785467,0.642857143,39,87,55.5,415.5,992.25,107912.25,129600
Apache Commons Collections,org.apache.commons.collections4.properties,SortedProperties,0,35,0,2,0,8,0,3,0,2,1,1,3,344.5,376,81,992.25,69432.25,87025
Apache Commons Collections,org.apache.commons.collections4.sequence,KeepCommand,0,9,0,0,0,4,0,2,0,2,1,0.81,2,344,161,37.5,33489,93942.25,15252.25
Apache Commons Collections,org.apache.commons.collections4.sequence,DeleteCommand,0,9,0,0,0,4,0,2,0,2,1,0.81,2,343.5,160.5,37,33489,93942.25,15252.25
Apache Commons Collections,org.apache.commons.collections4.sequence,SequencesComparator,5,558,3,79,1,79,3,44,0,6,0.991119005,0.963414634,47,241,303,422.5,3844,32942.25,14280.25
Apache Commons Collections,org.apache.commons.collections4.sequence,SequencesComparator.Snake,0,21,0,0,0,8,0,4,0,4,1,0.81,4,342,160,110,33124,53824,2500
Apache Commons Collections,org.apache.commons.collections4.sequence,ReplacementsFinder,65,0,4,0,17,0,6,0,4,0,0,0,6,4,8.5,168.5,20.25,27060.25,25600
Apache Commons Collections,org.apache.commons.collections4.sequence,EditCommand,0,9,0,0,0,4,0,2,0,2,1,0.81,2,340.5,158.5,36.5,33124,92416,14884
Apache Commons Collections,org.apache.commons.collections4.sequence,InsertCommand,0,9,0,0,0,4,0,2,0,2,1,0.81,2,340,158,36,33124,92416,14884
Apache Commons Collections,org.apache.commons.collections4.sequence,EditScript,3,69,0,2,1,19,1,7,1,6,0.958333333,1,8,209,368.5,209.5,25440.25,0.25,25281
Apache Commons Collections,org.apache.commons.collections4.trie.analyzer,StringKeyAnalyzer,15,174,10,24,4,36,11,14,1,7,0.920634921,0.705882353,25,176,62.5,385,12882.25,43681,104006.25
Apache Commons Collections,org.apache.commons.collections4.bag,AbstractMapBag,15,624,8,74,3,163,8,60,0,27,0.976525822,0.902439024,68,234,269,424,1225,36100,24025
Apache Commons Collections,org.apache.commons.collections4.bag,PredicatedBag,0,55,0,4,0,11,0,11,0,9,1,1,11,336.5,366,267.5,870.25,4761,9702.25
Apache Commons Collections,org.apache.commons.collections4.bag,SynchronizedBag,5,98,0,2,2,19,1,10,1,9,0.951456311,1,11,200,365.5,267,27390.25,4489,9702.25
Apache Commons Collections,org.apache.commons.collections4.bag,AbstractMapBag.BagIterator,4,112,1,13,1,26,1,10,0,4,0.965517241,0.928571429,11,219.5,287.5,266.5,4624,2209,441
Apache Commons Collections,org.apache.commons.collections4.bag,PredicatedSortedBag,0,27,0,0,0,7,0,6,0,6,1,0.81,6,334,156.5,166,31506.25,28224,90.25
Apache Commons Collections,org.apache.commons.collections4.bag,AbstractSortedBagDecorator,7,16,0,0,3,5,2,4,2,4,0.695652174,0.81,6,65,156,165.5,8281,10100.25,90.25
Apache Commons Collections,org.apache.commons.collections4.bag,UnmodifiableSortedBag,12,61,0,2,3,19,3,12,3,11,0.835616438,1,15,119,362,309,59049,36100,2809
Apache Commons Collections,org.apache.commons.collections4.bag,SynchronizedBag.SynchronizedBagSet,0,8,0,0,0,3,0,1,0,1,1,0.81,1,331.5,155.5,5.5,30976,106276,22500
Apache Commons Collections,org.apache.commons.collections4.bag,AbstractBagDecorator,9,39,0,4,3,8,2,9,2,7,0.8125,1,11,110,360.5,263,62750.25,23409,9506.25
Apache Commons Collections,org.apache.commons.collections4.bag,SynchronizedSortedBag,42,9,0,0,9,3,5,2,5,2,0.176470588,0.81,7,8,155,184.5,21609,31152.25,870.25
Apache Commons Collections,org.apache.commons.collections4.bag,TransformedSortedBag,44,23,4,0,8,6,4,5,2,5,0.343283582,0,9,13,8,225.5,25,45156.25,47306.25
Apache Commons Collections,org.apache.commons.collections4.bag,TransformedBag,0,99,1,7,0,18,1,13,0,10,1,0.875,14,328,242,292.5,7396,1260.25,2550.25
Apache Commons Collections,org.apache.commons.collections4.bag,AbstractMapBag.MutableInteger,18,6,4,0,4,3,4,1,2,1,0.25,0,5,9.5,7.5,137,4,16256.25,16770.25
Apache Commons Collections,org.apache.commons.collections4.bag,TreeBag,7,84,0,6,3,21,1,12,1,9,0.923076923,1,13,171.5,356,280.5,34040.25,11881,5700.25
Apache Commons Collections,org.apache.commons.collections4.bag,CollectionBag,11,134,3,21,2,42,3,20,0,11,0.924137931,0.875,23,172.5,240.5,365.5,4624,37249,15625
Apache Commons Collections,org.apache.commons.collections4.bag,CollectionSortedBag,11,134,3,21,2,42,3,20,0,11,0.924137931,0.875,23,172,240,365,4624,37249,15625
Apache Commons Collections,org.apache.commons.collections4.bag,UnmodifiableBag,12,63,0,2,3,20,3,12,3,11,0.84,1,15,115,353.5,301.5,56882.25,34782.25,2704
Apache Commons Collections,org.apache.commons.collections4.bag,HashBag,0,28,0,0,0,11,0,4,0,4,1,0.81,4,322.5,152.5,106.5,28900,46656,2116
Apache Commons Collections,org.apache.commons.collections4.trie,AbstractPatriciaTrie.RangeEntryMap,43,134,10,24,7,30,11,16,1,9,0.757062147,0.705882353,27,81,60,373,441,85264,97969
Apache Commons Collections,org.apache.commons.collections4.trie,AbstractPatriciaTrie.PrefixRangeEntrySet,0,81,0,6,0,15,0,6,0,3,1,1,6,321,351,162,900,25281,35721
Apache Commons Collections,org.apache.commons.collections4.trie,AbstractPatriciaTrie.KeySet.KeyIterator,0,12,0,0,0,2,0,2,0,2,1,0.81,2,320.5,151,34.5,28730.25,81796,13572.25
Apache Commons Collections,org.apache.commons.collections4.trie,AbstractPatriciaTrie.RangeMap,131,152,25,25,16,30,18,21,4,10,0.537102473,0.5,39,29,32,386,9,127449,125316
Apache Commons Collections,org.apache.commons.collections4.trie,AbstractPatriciaTrie.KeySet,0,41,0,2,0,9,0,7,0,6,1,1,7,319,348.5,180,870.25,19321,28392.25
Apache Commons Collections,org.apache.commons.collections4.trie,AbstractPatriciaTrie.TrieIterator,4,101,1,9,1,25,1,10,0,6,0.961904762,0.9,11,200,250,255.5,2500,3080.25,30.25
Apache Commons Collections,org.apache.commons.collections4.trie,AbstractPatriciaTrie.TrieEntry,38,212,8,18,6,35,8,10,0,5,0.848,0.692307692,18,116,54,328.5,3844,45156.25,75350.25
Apache Commons Collections,org.apache.commons.collections4.trie,AbstractPatriciaTrie.RangeEntrySet.EntryIterator,0,48,0,10,0,8,0,8,0,3,1,1,8,316.5,346,200,870.25,13572.25,21316
Apache Commons Collections,org.apache.commons.collections4.trie,AbstractPatriciaTrie.RangeEntrySet,7,171,2,28,2,40,2,19,0,6,0.960674157,0.933333333,21,196,275,349.5,6241,23562.25,5550.25
Apache Commons Collections,org.apache.commons.collections4.trie,AbstractPatriciaTrie.EntrySet,2,62,1,9,1,15,1,10,0,6,0.96875,0.9,11,209,248.5,254,1560.25,2025,30.25
Apache Commons Collections,org.apache.commons.collections4.trie,KeyAnalyzer,21,26,8,6,3,7,8,5,2,4,0.553191489,0.428571429,13,33,21.5,273,132.25,57600,63252.25
Apache Commons Collections,org.apache.commons.collections4.trie,UnmodifiableTrie,27,121,0,4,6,30,5,24,5,22,0.817567568,1,29,105,342.5,364.5,56406.25,67340.25,484
Apache Commons Collections,org.apache.commons.collections4.trie,AbstractPatriciaTrie.Values.ValueIterator,0,12,0,0,0,2,0,2,0,2,1,0.81,2,312,147.5,34,27060.25,77284,12882.25
Apache Commons Collections,org.apache.commons.collections4.trie,PatriciaTrie,7,6,0,0,2,2,1,1,1,1,0.461538462,0.81,2,22,147,33.5,15625,132.25,12882.25
Apache Commons Collections,org.apache.commons.collections4.trie,AbstractPatriciaTrie.EntrySet.EntryIterator,0,11,0,0,0,2,0,2,0,2,1,0.81,2,310.5,146.5,33,26896,77006.25,12882.25
Apache Commons Collections,org.apache.commons.collections4.trie,AbstractPatriciaTrie.PrefixRangeEntrySet.SingletonIterator,26,31,3,3,6,8,3,4,1,3,0.543859649,0.5,7,29,30.5,176.5,2.25,21756.25,21316
Apache Commons Collections,org.apache.commons.collections4.trie,AbstractBitwiseTrie.BasicEntry,23,73,2,10,5,21,4,11,2,7,0.760416667,0.833333333,15,78,219,289,19881,44521,4900
Apache Commons Collections,org.apache.commons.collections4.trie,AbstractPatriciaTrie.TrieMapIterator,4,95,1,11,1,24,1,14,0,9,0.95959596,0.916666667,15,190,254.5,288.5,4160.25,9702.25,1156
Apache Commons Collections,org.apache.commons.collections4.trie,AbstractPatriciaTrie.Reference,7,0,0,0,3,0,2,0,2,0,0,0.81,2,3.5,145,32.5,20022.25,841,12656.25
Apache Commons Collections,org.apache.commons.collections4.trie,AbstractPatriciaTrie.PrefixRangeEntrySet.EntryIterator,0,89,1,9,0,22,1,8,0,4,1,0.9,9,306,241,214,4225,8464,729
Apache Commons Collections,org.apache.commons.collections4.trie,AbstractPatriciaTrie,571,1298,100,196,130,306,75,124,6,45,0.694489032,0.662162162,199,56,50,396,36,115600,119716
Apache Commons Collections,org.apache.commons.collections4.trie,AbstractPatriciaTrie.PrefixRangeMap,50,265,4,36,8,56,12,23,8,7,0.841269841,0.9,35,107,239.5,366,17556.25,67081,16002.25
Apache Commons Collections,org.apache.commons.collections4.trie,AbstractPatriciaTrie.Values,0,45,0,4,0,13,0,8,0,6,1,1,8,303.5,332,194.5,812.25,11881,18906.25
Apache Commons Collections,org.apache.commons.collections4.trie,AbstractBitwiseTrie,17,113,5,15,4,24,5,15,1,9,0.869230769,0.75,20,121,63,331.5,3364,44310.25,72092.25
Apache Commons Collections,org.apache.commons.collections4.list,NodeCachingLinkedList,10,150,0,12,4,51,2,18,2,12,0.9375,1,20,166.5,330.5,331,26896,27060.25,0.25
Apache Commons Collections,org.apache.commons.collections4.list,TreeList,2,262,2,16,1,53,2,23,0,16,0.992424242,0.888888889,25,208,232,347.5,576,19460.25,13340.25
Apache Commons Collections,org.apache.commons.collections4.list,SetUniqueList.SetListIterator,0,29,0,0,0,10,0,3,0,3,1,0.81,3,300,142.5,70.5,24806.25,52670.25,5184
Apache Commons Collections,org.apache.commons.collections4.list,PredicatedList.PredicatedListIterator,0,25,0,0,0,9,0,3,0,3,1,0.81,3,299.5,142,70,24806.25,52670.25,5184
Apache Commons Collections,org.apache.commons.collections4.list,AbstractSerializableListDecorator,0,19,0,0,0,8,0,3,0,3,1,0.81,3,299,141.5,69.5,24806.25,52670.25,5184
Apache Commons Collections,org.apache.commons.collections4.list,TransformedList,13,134,1,7,2,26,2,18,1,15,0.911564626,0.875,20,150,222.5,327.5,5256.25,31506.25,11025
Apache Commons Collections,org.apache.commons.collections4.list,FixedSizeList,31,83,0,0,7,16,6,15,6,15,0.728070175,0.81,21,66,141,332,5625,70756,36481
Apache Commons Collections,org.apache.commons.collections4.list,FixedSizeList.FixedSizeListIterator,10,7,0,0,2,3,2,1,2,1,0.411764706,0.81,3,15,140.5,69,15750.25,2916,5112.25
Apache Commons Collections,org.apache.commons.collections4.list,AbstractLinkedList,28,783,9,91,8,190,10,89,1,48,0.965474723,0.91,99,189,238,377,2401,35344,19321
Apache Commons Collections,org.apache.commons.collections4.list,CursorableLinkedList.SubCursor,0,70,0,4,0,14,0,8,0,6,1,1,8,294.5,322,190,756.25,10920.25,17424
Apache Commons Collections,org.apache.commons.collections4.list,AbstractLinkedList.LinkedListIterator,0,211,0,14,0,50,0,19,0,12,1,1,19,294,321.5,319,756.25,625,6.25
Apache Commons Collections,org.apache.commons.collections4.list,TransformedList.TransformedListIterator,0,27,0,0,0,9,0,3,0,3,1,0.81,3,293.5,140,68.5,23562.25,50625,5112.25
Apache Commons Collections,org.apache.commons.collections4.list,UnmodifiableList,0,83,0,2,0,21,0,17,0,16,1,1,17,293,320,300,729,49,400
Apache Commons Collections,org.apache.commons.collections4.list,AbstractListDecorator,3,77,0,4,2,16,1,16,1,14,0.9625,1,17,184,319.5,299.5,18360.25,13340.25,400
Apache Commons Collections,org.apache.commons.collections4.list,GrowthList,7,89,1,5,2,20,2,8,1,6,0.927083333,0.833333333,10,159,209.5,224,2550.25,4225,210.25
Apache Commons Collections,org.apache.commons.collections4.list,CursorableLinkedList.Cursor,11,172,3,23,2,51,3,19,0,9,0.93989071,0.884615385,22,164,221,327.5,3249,26732.25,11342.25
Apache Commons Collections,org.apache.commons.collections4.list,AbstractLinkedList.Node,26,22,0,0,11,10,5,4,5,4,0.458333333,0.81,9,19,139.5,206.5,14520.25,35156.25,4489
Apache Commons Collections,org.apache.commons.collections4.list,CursorableLinkedList,19,218,7,19,8,76,8,25,1,19,0.919831224,0.730769231,33,150,55,343.5,9025,37442.25,83232.25
Apache Commons Collections,org.apache.commons.collections4.list,SetUniqueList,25,289,2,26,7,69,3,31,1,19,0.920382166,0.928571429,34,151,246,345.5,9025,37830.25,9900.25
Apache Commons Collections,org.apache.commons.collections4.list,AbstractLinkedList.LinkedSubList,62,249,5,11,6,57,6,16,1,13,0.800643087,0.6875,22,89,50,326,1521,56169,76176
Apache Commons Collections,org.apache.commons.collections4.list,SetUniqueList.SetListListIterator,0,55,0,2,0,17,0,7,0,6,1,1,7,285.5,313,170,756.25,13340.25,20449
Apache Commons Collections,org.apache.commons.collections4.list,AbstractLinkedList.LinkedSubListIterator,0,69,0,4,0,14,0,8,0,6,1,1,8,285,312.5,187.5,756.25,9506.25,15625
Apache Commons Collections,org.apache.commons.collections4.list,PredicatedList,13,101,0,6,2,21,1,17,1,14,0.885964912,1,18,123,312,304,35721,32761,64
Apache Commons Collections,org.apache.commons.collections4.list,TreeList.AVLNode,53,1051,14,134,16,246,13,95,1,32,0.951992754,0.905405405,108,170,230,363,3600,37249,17689
Apache Commons Collections,org.apache.commons.collections4.list,LazyList,30,54,2,6,6,15,3,5,1,3,0.642857143,0.75,8,42.5,60.5,187,324,20880.25,16002.25
Apache Commons Collections,org.apache.commons.collections4.list,TreeList.TreeListIterator,4,246,1,21,1,56,1,21,0,11,0.984,0.954545455,22,192,249,321.5,3249,16770.25,5256.25
Apache Commons Collections,org.apache.commons.collections4.functors,ComparatorPredicate,25,80,3,17,3,23,3,13,0,4,0.761904762,0.85,16,72,209,285,18769,45369,5776
Apache Commons Collections,org.apache.commons.collections4.functors,MapTransformer,3,20,0,2,1,7,1,4,1,3,0.869565217,1,5,115,307.5,125.5,37056.25,110.25,33124
Apache Commons Collections,org.apache.commons.collections4.functors,ExceptionPredicate,0,14,0,0,0,4,0,4,0,4,1,0.81,4,278.5,136,96,20306.25,33306.25,1600
Apache Commons Collections,org.apache.commons.collections4.functors,PrototypeFactory.PrototypeSerializationFactory,8,53,0,2,4,17,0,3,0,2,0.868852459,1,3,114,306,68,36864,2116,56644
Apache Commons Collections,org.apache.commons.collections4.functors,InstantiateTransformer,32,86,10,14,8,19,10,8,0,6,0.728813559,0.583333333,18,63,42,298.5,441,55460.25,65792.25
Apache Commons Collections,org.apache.commons.collections4.functors,OrPredicate,13,38,1,7,1,8,2,6,1,3,0.745098039,0.875,8,65.5,211,183.5,21170.25,13924,756.25
Apache Commons Collections,org.apache.commons.collections4.functors,NotNullPredicate,0,15,0,2,0,4,0,5,0,4,1,1,5,275,303.5,123,812.25,23104,32580.25
Apache Commons Collections,org.apache.commons.collections4.functors,FactoryTransformer,3,22,0,2,1,7,1,4,1,3,0.88,1,5,115,303,122.5,35344,56.25,32580.25
Apache Commons Collections,org.apache.commons.collections4.functors,NonePredicate,0,55,0,8,0,14,0,8,0,4,1,1,8,273.5,302.5,181,841,8556.25,14762.25
Apache Commons Collections,org.apache.commons.collections4.functors,ComparatorPredicate.Criterion,0,54,0,0,0,2,0,1,0,1,1,0.81,1,273,134.5,5,19182.25,71824,16770.25
Apache Commons Collections,org.apache.commons.collections4.functors,ForClosure,6,39,0,8,2,12,2,7,2,3,0.866666667,1,9,111,301,195,36100,7056,11236
Apache Commons Collections,org.apache.commons.collections4.functors,StringValueTransformer,0,12,0,0,0,4,0,4,0,4,1,0.81,4,271.5,134,93.5,18906.25,31684,1640.25
Apache Commons Collections,org.apache.commons.collections4.functors,WhileClosure,9,51,0,8,3,15,3,7,3,3,0.85,1,10,100,299.5,209.5,39800.25,11990.25,8100
Apache Commons Collections,org.apache.commons.collections4.functors,UniquePredicate,0,17,0,0,0,5,0,3,0,3,1,0.81,3,270,133.5,66.5,18632.25,41412.25,4489
Apache Commons Collections,org.apache.commons.collections4.functors,ChainedTransformer,4,78,0,10,1,19,1,10,1,5,0.951219512,1,11,157,298,223.5,19881,4422.25,5550.25
Apache Commons Collections,org.apache.commons.collections4.functors,TransformerClosure,3,21,0,2,1,8,1,4,1,3,0.875,1,5,110.5,297.5,119,34969,72.25,31862.25
Apache Commons Collections,org.apache.commons.collections4.functors,NullPredicate,0,15,0,2,0,4,0,5,0,4,1,1,5,267.5,297,118.5,870.25,22201,31862.25
Apache Commons Collections,org.apache.commons.collections4.functors,InstanceofPredicate,8,18,1,1,2,6,2,3,1,3,0.692307692,0.5,5,52,30,118,484,4356,7744
Apache Commons Collections,org.apache.commons.collections4.functors,AbstractQuantifierPredicate,4,6,0,0,1,3,1,1,1,1,0.6,0.81,2,36,132,31,9216,25,10201
Apache Commons Collections,org.apache.commons.collections4.functors,AnyPredicate,4,67,1,11,1,17,1,9,0,4,0.943661972,0.916666667,10,149,224,204,5625,3025,400
Apache Commons Collections,org.apache.commons.collections4.functors,IdentityPredicate,3,23,0,4,1,7,1,5,1,3,0.884615385,1,6,110,293.5,139.5,33672.25,870.25,23716
Apache Commons Collections,org.apache.commons.collections4.functors,IfTransformer,14,66,2,10,4,17,5,8,3,4,0.825,0.833333333,13,91,198,235.5,11449,20880.25,1406.25
Apache Commons Collections,org.apache.commons.collections4.functors,CatchAndRethrowClosure,0,17,0,0,0,8,0,2,0,2,1,0.81,2,262,131.5,30.5,17030.25,53592.25,10201
Apache Commons Collections,org.apache.commons.collections4.functors,PredicateTransformer,3,24,0,2,1,7,1,4,1,3,0.888888889,1,5,112,291,115.5,32041,12.25,30800.25
Apache Commons Collections,org.apache.commons.collections4.functors,ExceptionFactory,0,14,0,0,0,4,0,4,0,4,1,0.81,4,260.5,131,90,16770.25,29070.25,1681
Apache Commons Collections,org.apache.commons.collections4.functors,SwitchTransformer,13,159,2,24,3,36,5,16,3,5,0.924418605,0.923076923,21,136,226,294.5,8100,25122.25,4692.25
Apache Commons Collections,org.apache.commons.collections4.functors,EqualPredicate,3,48,0,6,1,15,1,8,1,5,0.941176471,1,9,143.5,288.5,184.5,21025,1681,10816
Apache Commons Collections,org.apache.commons.collections4.functors,NullIsExceptionPredicate,8,30,0,4,1,9,1,5,1,3,0.789473684,1,6,77,288,136,44521,3481,23104
Apache Commons Collections,org.apache.commons.collections4.functors,ConstantTransformer,43,31,11,3,9,11,8,7,2,6,0.418918919,0.214285714,15,16,15,249,1,54289,54756
Apache Commons Collections,org.apache.commons.collections4.functors,InstantiateFactory,23,108,5,17,7,27,5,11,0,5,0.824427481,0.772727273,16,88,62,258.5,676,29070.25,38612.25
Apache Commons Collections,org.apache.commons.collections4.functors,NullIsFalsePredicate,8,27,0,4,1,9,1,5,1,3,0.771428571,1,6,69,285.5,135.5,46872.25,4422.25,22500
Apache Commons Collections,org.apache.commons.collections4.functors,PrototypeFactory,0,66,0,4,0,13,0,3,0,1,1,1,3,254,285,64,961,36100,48841
Apache Commons Collections,org.apache.commons.collections4.functors,NOPTransformer,0,11,0,0,0,4,0,4,0,4,1,0.81,4,253.5,128.5,88.5,15625,27225,1600
Apache Commons Collections,org.apache.commons.collections4.functors,CloneTransformer,0,15,0,2,0,5,0,4,0,3,1,1,4,253,283.5,88,930.25,27225,38220.25
Apache Commons Collections,org.apache.commons.collections4.functors,DefaultEquator,4,25,2,6,1,4,3,6,1,4,0.862068966,0.75,9,102,57,179,2025,5929,14884
Apache Commons Collections,org.apache.commons.collections4.functors,PrototypeFactory.PrototypeCloneFactory,33,20,1,1,10,6,2,2,1,2,0.377358491,0.5,4,12,28.5,87.5,272.25,5700.25,3481
Apache Commons Collections,org.apache.commons.collections4.functors,ChainedClosure,4,91,0,12,1,23,1,11,1,5,0.957894737,1,12,147,281,215.5,17956,4692.25,4290.25
Apache Commons Collections,org.apache.commons.collections4.functors,ConstantFactory,3,24,0,2,1,8,1,5,1,4,0.888888889,1,6,105.5,280.5,131,30625,650.25,22350.25
Apache Commons Collections,org.apache.commons.collections4.functors,ClosureTransformer,3,24,0,2,1,8,1,4,1,3,0.888888889,1,5,105,280,110,30625,25,28900
Apache Commons Collections,org.apache.commons.collections4.functors,FalsePredicate,0,11,0,0,0,4,0,4,0,4,1,0.81,4,247.5,126,87,14762.25,25760.25,1521
Apache Commons Collections,org.apache.commons.collections4.functors,NullIsTruePredicate,8,27,0,4,1,9,1,5,1,3,0.771428571,1,6,67.5,278.5,128.5,44521,3721,22500
Apache Commons Collections,org.apache.commons.collections4.functors,InvokerTransformer,45,133,4,24,6,28,4,15,0,5,0.747191011,0.857142857,19,62,194,269.5,17424,43056.25,5700.25
Apache Commons Collections,org.apache.commons.collections4.functors,FunctorUtils,10,174,3,27,5,36,5,20,2,8,0.945652174,0.9,25,134,205,285,5041,22801,6400
Apache Commons Collections,org.apache.commons.collections4.functors,TransformedPredicate,16,34,1,3,3,10,3,4,2,3,0.68,0.75,7,47,55.5,143.5,72.25,9312.25,7744
Apache Commons Collections,org.apache.commons.collections4.functors,SwitchClosure,13,154,2,22,3,35,5,15,3,5,0.922155689,0.916666667,20,123,211.5,273,7832.25,22500,3782.25
Apache Commons Collections,org.apache.commons.collections4.functors,ExceptionClosure,0,14,0,0,0,4,0,4,0,4,1,0.81,4,242,124.5,86.5,13806.25,24180.25,1444
Apache Commons Collections,org.apache.commons.collections4.functors,IfClosure,25,45,3,5,7,13,7,5,4,4,0.642857143,0.625,12,39,42,209,9,28900,27889
Apache Commons Collections,org.apache.commons.collections4.functors,OnePredicate,4,60,1,9,1,16,1,8,0,4,0.9375,0.9,9,128,201.5,171.5,5402.25,1892.25,900
Apache Commons Collections,org.apache.commons.collections4.functors,ComparatorPredicate.new Object() {...},5,35,0,0,0,1,0,1,0,1,0.875,0.81,1,97,123,4.5,676,8556.25,14042.25
Apache Commons Collections,org.apache.commons.collections4.functors,AndPredicate,13,38,1,7,1,8,2,6,1,3,0.745098039,0.875,8,59,191.5,156.5,17556.25,9506.25,1225
Apache Commons Collections,org.apache.commons.collections4.functors,AllPredicate,0,73,0,12,0,18,0,10,0,4,1,1,10,237.5,269,182.5,992.25,3025,7482.25
Apache Commons Collections,org.apache.commons.collections4.functors,TruePredicate,0,11,0,0,0,4,0,4,0,4,1,0.81,4,237,122.5,85,13110.25,23104,1406.25
Apache Commons Collections,org.apache.commons.collections4.functors,ExceptionTransformer,0,14,0,0,0,4,0,4,0,4,1,0.81,4,236.5,122,84.5,13110.25,23104,1406.25
Apache Commons Collections,org.apache.commons.collections4.functors,NotPredicate,8,27,0,4,1,7,1,5,1,3,0.771428571,1,6,63,266.5,124,41412.25,3721,20306.25
Apache Commons Collections,org.apache.commons.collections4.functors,TransformerPredicate,3,34,0,4,1,10,1,5,1,3,0.918918919,1,6,117,266,123.5,22201,42.25,20306.25
Apache Commons Collections,org.apache.commons.collections4.functors,NOPClosure,0,10,0,0,0,4,0,4,0,4,1,0.81,4,234,121.5,84,12656.25,22500,1406.25
Apache Commons Collections,org.apache.commons.collections4.bidimap,AbstractDualBidiMap,0,280,0,18,0,64,0,34,0,25,1,1,34,233.5,264.5,283,961,2450.25,342.25
Apache Commons Collections,org.apache.commons.collections4.bidimap,TreeBidiMap.InverseViewMapIterator,4,40,0,4,1,11,1,7,1,5,0.909090909,1,8,110,264,151,23716,1681,12769
Apache Commons Collections,org.apache.commons.collections4.bidimap,TreeBidiMap,151,1852,29,226,32,433,29,164,1,64,0.92461308,0.88627451,193,118,190,308,5184,36100,13924
Apache Commons Collections,org.apache.commons.collections4.bidimap,AbstractDualBidiMap.Values,0,41,0,2,0,9,0,5,0,4,1,1,5,231,262.5,103.5,992.25,16256.25,25281
Apache Commons Collections,org.apache.commons.collections4.bidimap,AbstractDualBidiMap.MapEntry,0,38,0,4,0,9,0,4,0,2,1,1,4,230.5,262,83.5,992.25,21609,31862.25
Apache Commons Collections,org.apache.commons.collections4.bidimap,AbstractDualBidiMap.KeySetIterator,0,53,0,2,0,16,0,4,0,3,1,1,4,230,261.5,83,992.25,21609,31862.25
Apache Commons Collections,org.apache.commons.collections4.bidimap,AbstractDualBidiMap.EntrySet,0,62,1,9,0,14,1,7,0,3,1,0.9,8,229.5,195,147.5,1190.25,6724,2256.25
Apache Commons Collections,org.apache.commons.collections4.bidimap,TreeBidiMap.InverseViewMapEntryIterator,5,21,0,0,1,5,1,3,1,3,0.807692308,0.81,4,77,121,82.5,1936,30.25,1482.25
Apache Commons Collections,org.apache.commons.collections4.bidimap,TreeBidiMap.ViewMapIterator,4,40,0,4,1,11,1,7,1,5,0.909090909,1,8,108.5,259,146,22650.25,1406.25,12769
Apache Commons Collections,org.apache.commons.collections4.bidimap,AbstractSortedBidiMapDecorator,28,8,0,0,6,3,6,2,6,2,0.222222222,0.81,8,7,120.5,145.5,12882.25,19182.25,625
Apache Commons Collections,org.apache.commons.collections4.bidimap,DualLinkedHashBidiMap,12,49,0,0,3,14,1,5,1,5,0.803278689,0.81,6,73.5,120,118,2162.25,1980.25,4
Apache Commons Collections,org.apache.commons.collections4.bidimap,AbstractDualBidiMap.BidiMapIterator,14,145,0,14,4,33,1,15,1,8,0.911949686,1,16,110,256.5,226,21462.25,13456,930.25
Apache Commons Collections,org.apache.commons.collections4.bidimap,AbstractDualBidiMap.View,0,88,0,18,0,26,0,15,0,6,1,1,15,224,256,216.5,1024,56.25,1560.25
Apache Commons Collections,org.apache.commons.collections4.bidimap,AbstractOrderedBidiMapDecorator,8,26,0,0,2,7,2,6,2,6,0.764705882,0.81,8,61,119.5,144,3422.25,6889,600.25
Apache Commons Collections,org.apache.commons.collections4.bidimap,TreeBidiMap.ValueView,0,37,0,4,0,7,0,6,0,4,1,1,6,222.5,254.5,117.5,1024,11025,18769
Apache Commons Collections,org.apache.commons.collections4.bidimap,TreeBidiMap.KeyView,0,37,0,4,0,7,0,6,0,4,1,1,6,222,254,117,1024,11025,18769
Apache Commons Collections,org.apache.commons.collections4.bidimap,TreeBidiMap.ViewIterator,60,128,9,11,12,27,7,9,2,4,0.680851064,0.55,16,45,35,221.5,100,31152.25,34782.25
Apache Commons Collections,org.apache.commons.collections4.bidimap,UnmodifiableBidiMap,0,79,0,4,0,23,0,14,0,12,1,1,14,220.5,252.5,204,1024,272.25,2352.25
Apache Commons Collections,org.apache.commons.collections4.bidimap,TreeBidiMap.Inverse,80,153,8,10,12,34,8,25,4,20,0.656652361,0.555555556,33,41,35,265,36,50176,52900
Apache Commons Collections,org.apache.commons.collections4.bidimap,TreeBidiMap.Node,8,263,6,17,2,49,6,27,0,21,0.970479705,0.739130435,33,137,47,264.5,8100,16256.25,47306.25
Apache Commons Collections,org.apache.commons.collections4.bidimap,TreeBidiMap.EntryView,2,72,1,11,1,18,1,9,0,4,0.972972973,0.916666667,10,139.5,194,165,2970.25,650.25,841
Apache Commons Collections,org.apache.commons.collections4.bidimap,DualTreeBidiMap,36,207,2,10,9,51,5,21,3,17,0.851851852,0.833333333,26,81.5,175.5,257.5,8836,30976,6724
Apache Commons Collections,org.apache.commons.collections4.bidimap,DualTreeBidiMap.ViewMap,38,35,0,2,5,8,5,5,5,4,0.479452055,1,10,17,248,164.5,53361,21756.25,6972.25
Apache Commons Collections,org.apache.commons.collections4.bidimap,DualHashBidiMap,12,49,0,0,3,14,1,5,1,5,0.803278689,0.81,6,69,116,116.5,2209,2256.25,0.25
Apache Commons Collections,org.apache.commons.collections4.bidimap,TreeBidiMap.View,0,17,0,0,0,7,0,3,0,3,1,0.81,3,214,115.5,62.5,9702.25,22952.25,2809
Apache Commons Collections,org.apache.commons.collections4.bidimap,AbstractDualBidiMap.KeySet,0,41,0,2,0,9,0,5,0,4,1,1,5,213.5,245.5,99,1024,13110.25,21462.25
Apache Commons Collections,org.apache.commons.collections4.bidimap,TreeBidiMap.DataElement,0,37,0,0,0,6,0,3,0,3,1,0.81,3,213,115,62,9604,22801,2809
Apache Commons Collections,org.apache.commons.collections4.bidimap,DualTreeBidiMap.BidiOrderedMapIterator,27,134,0,12,6,29,3,14,3,8,0.832298137,1,17,74,244,221,28900,21609,529
Apache Commons Collections,org.apache.commons.collections4.bidimap,UnmodifiableOrderedBidiMap,0,82,0,4,0,24,0,15,0,13,1,1,15,211.5,243.5,206,1024,30.25,1406.25
Apache Commons Collections,org.apache.commons.collections4.bidimap,TreeBidiMap.new Object() {...},2,17,0,0,0,1,0,1,0,1,0.894736842,0.81,1,91,114.5,4,552.25,7569,12210.25
Apache Commons Collections,org.apache.commons.collections4.bidimap,TreeBidiMap.ViewMapEntryIterator,3,11,0,0,1,4,1,2,1,2,0.785714286,0.81,3,61,114,60.5,2809,0.25,2862.25
Apache Commons Collections,org.apache.commons.collections4.bidimap,AbstractDualBidiMap.ValuesIterator,0,47,0,2,0,15,0,4,0,3,1,1,4,209,241,78,1024,17161,26569
Apache Commons Collections,org.apache.commons.collections4.bidimap,AbstractBidiMapDecorator,13,17,0,0,3,5,3,4,3,4,0.566666667,0.81,7,25,113.5,122,7832.25,9409,72.25
Apache Commons Collections,org.apache.commons.collections4.bidimap,TreeBidiMap.InverseEntryView,2,72,1,11,1,18,1,9,0,4,0.972972973,0.916666667,10,132,186.5,156,2970.25,576,930.25
Apache Commons Collections,org.apache.commons.collections4.bidimap,UnmodifiableSortedBidiMap,0,104,0,4,0,29,0,17,0,15,1,1,17,206.5,238.5,214.5,1024,64,576
Apache Commons Collections,org.apache.commons.collections4.bidimap,AbstractDualBidiMap.EntrySetIterator,0,56,0,2,0,16,0,4,0,3,1,1,4,206,238,77.5,1024,16512.25,25760.25
Apache Commons Collections,org.apache.commons.collections4.map,AbstractLinkedMap.EntrySetIterator,3,7,0,0,1,3,1,2,1,2,0.7,0.81,3,44,113,60,4761,256,2809
Apache Commons Collections,org.apache.commons.collections4.map,UnmodifiableEntrySet,2,133,2,10,1,27,2,15,0,11,0.985185185,0.833333333,17,133,168,212,1225,6241,1936
Apache Commons Collections,org.apache.commons.collections4.map,LazyMap,0,81,0,6,0,24,0,10,0,7,1,1,10,203.5,235.5,153.5,1024,2500,6724
Apache Commons Collections,org.apache.commons.collections4.map,StaticBucketMap.Node,2,73,2,18,1,14,2,13,0,5,0.973333333,0.9,15,131,178.5,197.5,2256.25,4422.25,361
Apache Commons Collections,org.apache.commons.collections4.map,AbstractHashedMap.Values,0,23,0,0,0,8,0,5,0,5,1,0.81,5,202,112.5,92.5,8010.25,11990.25,400
Apache Commons Collections,org.apache.commons.collections4.map,AbstractReferenceMap.ReferenceBaseIterator,5,168,2,22,1,48,2,17,0,7,0.971098266,0.916666667,19,130,182,221,2704,8281,1521
Apache Commons Collections,org.apache.commons.collections4.map,AbstractReferenceMap.ReferenceValues,0,34,0,2,0,8,0,4,0,3,1,1,4,200.5,232,76,992.25,15500.25,24336
Apache Commons Collections,org.apache.commons.collections4.map,Flat3Map.EntrySet,2,57,1,5,1,17,1,7,0,5,0.966101695,0.833333333,8,124,166.5,129.5,1806.25,30.25,1369
Apache Commons Collections,org.apache.commons.collections4.map,TransformedSortedMap,0,94,1,1,0,19,1,10,0,10,1,0.5,11,199,28,162,29241,1369,17956
Apache Commons Collections,org.apache.commons.collections4.map,AbstractReferenceMap.ReferenceStrength,8,49,3,1,3,7,3,3,0,3,0.859649123,0.25,6,79.5,15,106,4160.25,702.25,8281
Apache Commons Collections,org.apache.commons.collections4.map,FixedSizeMap,30,71,4,2,8,20,5,11,3,10,0.702970297,0.333333333,16,44,15,199,841,24025,33856
Apache Commons Collections,org.apache.commons.collections4.map,AbstractOrderedMapDecorator,4,29,0,0,1,9,1,7,1,7,0.878787879,0.81,8,80,109,128,841,2304,361
Apache Commons Collections,org.apache.commons.collections4.map,ListOrderedMap.KeySetView.new AbstractUntypedIteratorDecorator() {...},0,13,0,0,0,2,0,2,0,2,1,0.81,2,195.5,108.5,28,7569,28056.25,6480.25
Apache Commons Collections,org.apache.commons.collections4.map,PredicatedSortedMap,0,72,0,0,0,13,0,9,0,9,1,0.81,9,195,108,136,7569,3481,784
Apache Commons Collections,org.apache.commons.collections4.map,AbstractReferenceMap.SoftRef,11,0,0,0,4,0,2,0,2,0,0,0.81,2,3,107.5,27.5,10920.25,600.25,6400
Apache Commons Collections,org.apache.commons.collections4.map,ListOrderedMap.ValuesView.new AbstractUntypedIteratorDecorator() {...},0,13,0,0,0,2,0,2,0,2,1,0.81,2,193.5,107,27,7482.25,27722.25,6400
Apache Commons Collections,org.apache.commons.collections4.map,PredicatedMap,0,128,0,16,0,32,0,17,0,9,1,1,17,193,222.5,198.5,870.25,30.25,576
Apache Commons Collections,org.apache.commons.collections4.map,StaticBucketMap.KeyIterator,0,12,0,0,0,2,0,2,0,2,1,0.81,2,192.5,106.5,26.5,7396,27556,6400
Apache Commons Collections,org.apache.commons.collections4.map,Flat3Map.KeySetIterator,0,8,0,0,0,3,0,2,0,2,1,0.81,2,192,106,26,7396,27556,6400
Apache Commons Collections,org.apache.commons.collections4.map,Flat3Map.FlatMapEntry,111,112,26,16,19,32,20,12,2,6,0.502242152,0.380952381,32,18,16,228,4,44100,44944
Apache Commons Collections,org.apache.commons.collections4.map,Flat3Map.Values,6,35,1,3,1,11,1,6,0,5,0.853658537,0.75,7,74,47,111.5,729,1406.25,4160.25
Apache Commons Collections,org.apache.commons.collections4.map,AbstractReferenceMap.WeakRef,0,11,0,0,0,4,0,2,0,2,1,0.81,2,189.5,103.5,25.5,7396,26896,6084
Apache Commons Collections,org.apache.commons.collections4.map,AbstractReferenceMap.ReferenceKeySetIterator,0,8,0,0,0,3,0,2,0,2,1,0.81,2,189,103,25,7396,26896,6084
Apache Commons Collections,org.apache.commons.collections4.map,ListOrderedMap.KeySetView,0,28,0,0,0,8,0,5,0,5,1,0.81,5,188.5,102.5,84,7396,10920.25,342.25
Apache Commons Collections,org.apache.commons.collections4.map,AbstractReferenceMap,19,375,9,39,4,106,9,44,0,29,0.95177665,0.8125,53,106,148.5,240,1806.25,17956,8372.25
Apache Commons Collections,org.apache.commons.collections4.map,UnmodifiableMap,21,65,2,2,5,22,2,12,1,11,0.755813953,0.5,14,51,24.5,173.5,702.25,15006.25,22201
Apache Commons Collections,org.apache.commons.collections4.map,CompositeMap,17,456,3,47,5,86,4,43,1,21,0.964059197,0.94,47,113,172,236,3481,15129,4096
Apache Commons Collections,org.apache.commons.collections4.map,AbstractLinkedMap.ValuesIterator,4,8,0,0,1,3,1,2,1,2,0.666666667,0.81,3,38,101,52.5,3969,210.25,2352.25
Apache Commons Collections,org.apache.commons.collections4.map,AbstractHashedMap,41,1066,11,125,15,269,15,105,4,48,0.962962963,0.919117647,120,110,164,242,2916,17424,6084
Apache Commons Collections,org.apache.commons.collections4.map,TransformedMap,1,144,2,10,0,38,2,16,0,12,0.993103448,0.833333333,18,119,148,196,841,5929,2304
Apache Commons Collections,org.apache.commons.collections4.map,AbstractLinkedMap.LinkEntry,0,7,0,0,0,2,0,1,0,1,1,0.81,1,182,100.5,3.5,6642.25,31862.25,9409
Apache Commons Collections,org.apache.commons.collections4.map,StaticBucketMap.ValueIterator,0,12,0,0,0,2,0,2,0,2,1,0.81,2,181.5,100,23.5,6642.25,24964,5852.25
Apache Commons Collections,org.apache.commons.collections4.map,MultiValueMap.1.1.new Map.Entry() {...},4,16,0,0,1,3,1,3,1,3,0.8,0.81,4,59,99.5,65.5,1640.25,42.25,1156
Apache Commons Collections,org.apache.commons.collections4.map,PassiveExpiringMap.ConstantTimeToLiveExpirationPolicy,6,33,1,3,3,10,2,4,1,3,0.846153846,0.75,6,67,45.5,93.5,462.25,702.25,2304
Apache Commons Collections,org.apache.commons.collections4.map,AbstractInputCheckedMapDecorator,2,23,0,2,1,7,1,4,1,3,0.92,1,5,90,205,79.5,13225,110.25,15750.25
Apache Commons Collections,org.apache.commons.collections4.map,AbstractLinkedMap.LinkIterator,15,158,4,14,4,33,4,14,0,9,0.913294798,0.777777778,18,89,49.5,190.5,1560.25,10302.25,19881
Apache Commons Collections,org.apache.commons.collections4.map,LazySortedMap,0,75,0,0,0,16,0,11,0,11,1,0.81,11,177,97,143.5,6400,1122.25,2162.25
Apache Commons Collections,org.apache.commons.collections4.map,StaticBucketMap.BaseIterator,0,110,0,12,0,24,0,10,0,4,1,1,10,176.5,202.5,132,676,1980.25,4970.25
Apache Commons Collections,org.apache.commons.collections4.map,LinkedMap.LinkedMapList,4,84,0,0,1,19,1,17,1,17,0.954545455,0.81,18,101,96.5,188,20.25,7569,8372.25
Apache Commons Collections,org.apache.commons.collections4.map,MultiValueMap.1.new Transformer() {...},0,15,0,0,0,2,0,2,0,2,1,0.81,2,175,96,23,6241,23104,5329
Apache Commons Collections,org.apache.commons.collections4.map,Flat3Map.FlatMapIterator,112,102,11,15,19,30,12,13,3,6,0.476635514,0.576923077,25,15,31,204.5,256,35910.25,30102.25
Apache Commons Collections,org.apache.commons.collections4.map,StaticBucketMap.KeySet,0,77,2,6,0,15,2,8,0,6,1,0.75,10,173.5,44,130.5,16770.25,1849,7482.25
Apache Commons Collections,org.apache.commons.collections4.map,ListOrderedMap.ListOrderedMapIterator,13,133,0,10,4,32,1,15,1,10,0.910958904,1,16,86,198,176.5,12544,8190.25,462.25
Apache Commons Collections,org.apache.commons.collections4.map,AbstractHashedMap.ValuesIterator,0,8,0,0,0,3,0,2,0,2,1,0.81,2,172,93.5,22.5,6162.25,22350.25,5041
Apache Commons Collections,org.apache.commons.collections4.map,UnmodifiableEntrySet.UnmodifiableEntrySetIterator,0,21,0,0,0,5,0,3,0,3,1,0.81,3,171.5,93,48,6162.25,15252.25,2025
Apache Commons Collections,org.apache.commons.collections4.map,MultiValueMap.new LazyIteratorChain() {...},0,36,0,2,0,6,0,3,0,2,1,1,3,171,195.5,47.5,600.25,15252.25,21904
Apache Commons Collections,org.apache.commons.collections4.map,MultiValueMap.ValuesIterator,0,41,0,2,0,11,0,5,0,4,1,1,5,170.5,195,75,600.25,9120.25,14400
Apache Commons Collections,org.apache.commons.collections4.map,SingletonMap.SingletonValues,4,23,0,0,1,7,1,5,1,5,0.851851852,0.81,6,67,92.5,87,650.25,400,30.25
Apache Commons Collections,org.apache.commons.collections4.map,EntrySetToMapIteratorAdapter,0,57,0,2,0,18,0,10,0,9,1,1,10,169,193.5,125,600.25,1936,4692.25
Apache Commons Collections,org.apache.commons.collections4.map,AbstractReferenceMap.ReferenceEntry,33,189,16,26,5,37,14,16,0,9,0.851351351,0.619047619,30,66,32,200,1156,17956,28224
Apache Commons Collections,org.apache.commons.collections4.map,Flat3Map.KeySet,0,53,0,4,0,15,0,8,0,6,1,1,8,167.5,192,106.5,600.25,3721,7310.25
Apache Commons Collections,org.apache.commons.collections4.map,PassiveExpiringMap,26,246,0,18,8,66,4,32,4,23,0.904411765,1,36,79,191.5,201.5,12656.25,15006.25,100
Apache Commons Collections,org.apache.commons.collections4.map,AbstractInputCheckedMapDecorator.EntrySet,0,116,1,9,0,21,1,8,0,4,1,0.9,9,166,143,114.5,529,2652.25,812.25
Apache Commons Collections,org.apache.commons.collections4.map,ListOrderedMap.ListOrderedMapEntry,0,22,0,0,0,5,0,3,0,3,1,0.81,3,165.5,91,47,5550.25,14042.25,1936
Apache Commons Collections,org.apache.commons.collections4.map,AbstractReferenceMap.ReferenceMapIterator,0,48,0,6,0,15,0,8,0,5,1,1,8,165,189,105,576,3600,7056
Apache Commons Collections,org.apache.commons.collections4.map,StaticBucketMap.EntryIterator,0,11,0,0,0,2,0,2,0,2,1,0.81,2,164.5,90.5,22,5476,20306.25,4692.25
Apache Commons Collections,org.apache.commons.collections4.map,HashedMap,0,35,0,0,0,15,0,7,0,7,1,0.81,7,164,90,94,5476,4900,16
Apache Commons Collections,org.apache.commons.collections4.map,StaticBucketMap.EntrySet,0,116,0,10,0,24,0,11,0,6,1,1,11,163.5,186.5,128,529,1260.25,3422.25
Apache Commons Collections,org.apache.commons.collections4.map,LRUMap,203,296,9,31,17,87,13,32,5,20,0.593186373,0.775,45,27,45,202.5,324,30800.25,24806.25
Apache Commons Collections,org.apache.commons.collections4.map,MultiKeyMap,149,1431,109,191,7,304,81,108,0,39,0.905696203,0.636666667,189,78,34,215,1936,18769,32761
Apache Commons Collections,org.apache.commons.collections4.map,AbstractInputCheckedMapDecorator.MapEntry,0,20,0,0,0,6,0,2,0,2,1,0.81,2,161,87.5,21.5,5402.25,19460.25,4356
Apache Commons Collections,org.apache.commons.collections4.map,SingletonMap.SingletonMapIterator,26,97,5,9,7,24,6,12,1,10,0.788617886,0.642857143,18,52,34,170.5,324,14042.25,18632.25
Apache Commons Collections,org.apache.commons.collections4.map,ListOrderedMap,22,433,4,38,1,99,4,45,0,28,0.951648352,0.904761905,49,91,137,203,2116,12544,4356
Apache Commons Collections,org.apache.commons.collections4.map,MultiValueMap.Values,4,36,0,2,2,7,1,4,1,3,0.9,1,5,75,181,71.5,11236,12.25,11990.25
Apache Commons Collections,org.apache.commons.collections4.map,FixedSizeSortedMap,21,94,2,2,6,21,4,15,3,14,0.817391304,0.5,19,59,24,172.5,1225,12882.25,22052.25
Apache Commons Collections,org.apache.commons.collections4.map,Flat3Map,144,1247,64,226,30,328,61,123,0,23,0.896477354,0.779310345,184,73,43,209,900,18496,27556
Apache Commons Collections,org.apache.commons.collections4.map,LinkedMap,9,76,0,4,4,21,2,12,2,10,0.894117647,1,14,71,178.5,148,11556.25,5929,930.25
Apache Commons Collections,org.apache.commons.collections4.map,AbstractInputCheckedMapDecorator.EntrySetIterator,0,24,0,0,0,6,0,2,0,2,1,0.81,2,154.5,84,21,4970.25,17822.25,3969
Apache Commons Collections,org.apache.commons.collections4.map,AbstractReferenceMap.ReferenceEntrySet,0,38,0,2,0,8,0,4,0,3,1,1,4,154,177,57,529,9409,14400
Apache Commons Collections,org.apache.commons.collections4.map,ReferenceMap,24,28,0,0,6,10,3,4,3,4,0.538461538,0.81,7,18,83.5,89.5,4290.25,5112.25,36
Apache Commons Collections,org.apache.commons.collections4.map,DefaultedMap,15,79,3,7,3,21,3,11,0,9,0.840425532,0.7,14,61,34,144.5,729,6972.25,12210.25
Apache Commons Collections,org.apache.commons.collections4.map,ListOrderedMap.ListOrderedIterator,0,34,0,0,0,9,0,3,0,3,1,0.81,3,151.5,82,43.5,4830.25,11664,1482.25
Apache Commons Collections,org.apache.commons.collections4.map,MultiValueMap.ReflectionFactory,15,26,1,3,2,8,1,4,0,3,0.634146341,0.75,5,30,38.5,68,72.25,1444,870.25
Apache Commons Collections,org.apache.commons.collections4.map,AbstractReferenceMap.ReferenceValuesIterator,0,8,0,0,0,3,0,2,0,2,1,0.81,2,150,80.5,20.5,4830.25,16770.25,3600
Apache Commons Collections,org.apache.commons.collections4.map,AbstractMapDecorator,0,92,0,4,0,27,0,20,0,18,1,1,20,149.5,171.5,167.5,484,324,16
Apache Commons Collections,org.apache.commons.collections4.map,StaticBucketMap,40,573,11,63,13,121,12,44,3,16,0.934747145,0.851351351,56,78,120,193,1764,13225,5329
Apache Commons Collections,org.apache.commons.collections4.map,AbstractHashedMap.KeySet,0,35,0,0,0,11,0,6,0,6,1,0.81,6,148,80,77.5,4624,4970.25,6.25
Apache Commons Collections,org.apache.commons.collections4.map,AbstractHashedMap.KeySetIterator,0,8,0,0,0,3,0,2,0,2,1,0.81,2,147.5,79.5,20,4624,16256.25,3540.25
Apache Commons Collections,org.apache.commons.collections4.map,SingletonMap,114,190,20,15,29,50,21,30,5,28,0.625,0.428571429,51,27,17,190,100,26569,29929
Apache Commons Collections,org.apache.commons.collections4.map,AbstractHashedMap.EntrySet,0,64,0,10,0,19,0,11,0,6,1,1,11,146,167,117.5,441,812.25,2450.25
Apache Commons Collections,org.apache.commons.collections4.map,AbstractLinkedMap.KeySetIterator,4,8,0,0,1,3,1,2,1,2,0.666666667,0.81,3,32.5,78,41,2070.25,72.25,1369
Apache Commons Collections,org.apache.commons.collections4.map,Flat3Map.EntryIterator,34,42,3,3,8,9,3,4,1,3,0.552631579,0.5,7,19,22.5,83,12.25,4096,3660.25
Apache Commons Collections,org.apache.commons.collections4.map,Flat3Map.EntrySetIterator,0,7,0,0,0,3,0,2,0,2,1,0.81,2,143.5,76.5,19.5,4489,15376,3249
Apache Commons Collections,org.apache.commons.collections4.map,CaseInsensitiveMap,5,60,0,4,2,19,1,9,1,7,0.923076923,1,10,71,163.5,105.5,8556.25,1190.25,3364
Apache Commons Collections,org.apache.commons.collections4.map,AbstractSortedMapDecorator.SortedMapIterator,29,0,0,0,8,0,4,0,4,0,0,0.81,4,2.5,76,51.5,5402.25,2401,600.25
Apache Commons Collections,org.apache.commons.collections4.map,ListOrderedMap.ValuesView,0,44,0,0,0,11,0,8,0,8,1,0.81,8,141,75.5,88.5,4290.25,2756.25,169
Apache Commons Collections,org.apache.commons.collections4.map,AbstractHashedMap.EntrySetIterator,0,7,0,0,0,3,0,2,0,2,1,0.81,2,140.5,75,19,4290.25,14762.25,3136
Apache Commons Collections,org.apache.commons.collections4.map,AbstractIterableMap,0,9,0,0,0,2,0,2,0,2,1,0.81,2,140,74.5,18.5,4290.25,14762.25,3136
Apache Commons Collections,org.apache.commons.collections4.map,AbstractLinkedMap,10,331,0,40,4,72,3,40,3,20,0.970674487,1,43,90,159,175,4761,7225,256
Apache Commons Collections,org.apache.commons.collections4.map,AbstractReferenceMap.ReferenceKeySet,0,34,0,2,0,8,0,4,0,3,1,1,4,138.5,158.5,49,400,8010.25,11990.25
Apache Commons Collections,org.apache.commons.collections4.map,UnmodifiableSortedMap,29,67,0,2,4,21,4,14,4,13,0.697916667,1,18,32,158,149,15876,13689,81
Apache Commons Collections,org.apache.commons.collections4.map,ReferenceIdentityMap,24,61,0,6,6,16,3,11,3,8,0.717647059,1,14,35,157.5,129,15006.25,8836,812.25
Apache Commons Collections,org.apache.commons.collections4.map,AbstractHashedMap.HashMapIterator,0,48,0,6,0,15,0,8,0,5,1,1,8,136,157,85,441,2601,5184
Apache Commons Collections,org.apache.commons.collections4.map,AbstractSortedMapDecorator,51,23,4,0,9,8,8,6,6,6,0.310810811,0,14,7,7,127.5,0,14520.25,14520.25
Apache Commons Collections,org.apache.commons.collections4.map,AbstractLinkedMap.LinkMapIterator,0,52,0,6,0,16,0,9,0,6,1,1,9,134.5,155.5,91,441,1892.25,4160.25
Apache Commons Collections,org.apache.commons.collections4.map,MultiValueMap,13,327,5,39,2,86,6,38,1,21,0.961764706,0.886363636,44,79,112,169,1089,8100,3249
Apache Commons Collections,org.apache.commons.collections4.map,AbstractHashedMap.HashIterator,6,147,2,18,2,36,2,14,0,6,0.960784314,0.9,16,78,114.5,137,1332.25,3481,506.25
Apache Commons Collections,org.apache.commons.collections4.map,StaticBucketMap.Values,0,21,0,0,0,5,0,4,0,4,1,0.81,4,132,73,48.5,3481,6972.25,600.25
Apache Commons Collections,org.apache.commons.collections4.map,AbstractReferenceMap.ReferenceEntrySetIterator,0,7,0,0,0,3,0,2,0,2,1,0.81,2,131.5,72.5,18,3481,12882.25,2970.25
Apache Commons Collections,org.apache.commons.collections4.map,UnmodifiableOrderedMap,0,72,0,2,0,24,0,13,0,12,1,1,13,131,151,118,400,169,1089
Apache Commons Collections,org.apache.commons.collections4.map,ListOrderedMap.EntrySetView,0,92,0,8,0,26,0,16,0,12,1,1,16,130.5,150.5,133.5,400,9,289
Apache Commons Collections,org.apache.commons.collections4.map,Flat3Map.ValuesIterator,0,8,0,0,0,3,0,2,0,2,1,0.81,2,130,72,17.5,3364,12656.25,2970.25
Apache Commons Collections,org.apache.commons.collections4.map,AbstractHashedMap.HashEntry,2,107,2,20,1,23,2,16,0,7,0.981651376,0.909090909,18,85,112,138.5,729,2862.25,702.25
Apache Commons Collections,org.apache.commons.collections4.map,UnmodifiableEntrySet.UnmodifiableEntry,0,11,0,0,0,4,0,2,0,2,1,0.81,2,128.5,71.5,17,3249,12432.25,2970.25
Apache Commons Collections,org.apache.commons.collections4.multimap,AbstractListValuedMap.WrappedList,104,70,6,6,25,19,11,9,8,6,0.402298851,0.5,20,8,21,142,169,17956,14641
Apache Commons Collections,org.apache.commons.collections4.multimap,ArrayListValuedHashMap,34,48,2,0,10,16,4,6,3,6,0.585365854,0,10,19.5,6.5,94,169,5550.25,7656.25
Apache Commons Collections,org.apache.commons.collections4.multimap,AbstractListValuedMap.ValuesListIterator,44,76,0,4,11,18,6,7,6,5,0.633333333,1,13,22.5,145,114.5,15006.25,8464,930.25
Apache Commons Collections,org.apache.commons.collections4.multimap,TransformedMultiValuedMap,10,156,4,16,2,35,4,15,0,9,0.939759036,0.8,19,67,37,137,900,4900,10000
Apache Commons Collections,org.apache.commons.collections4.multimap,HashSetValuedHashMap,25,38,0,0,8,13,3,5,3,5,0.603174603,0.81,8,21,68,80.5,2209,3540.25,156.25
Apache Commons Collections,org.apache.commons.collections4.multimap,AbstractMultiValuedMap.KeysMultiSet.MapEntryTransformer,0,12,0,0,0,2,0,2,0,2,1,0.81,2,123,67.5,16.5,3080.25,11342.25,2601
Apache Commons Collections,org.apache.commons.collections4.multimap,AbstractMultiValuedMap,87,347,15,43,16,81,16,42,4,25,0.799539171,0.74137931,58,42,31,159.5,121,13806.25,16512.25
Apache Commons Collections,org.apache.commons.collections4.multimap,AbstractMultiValuedMap.EntryValues.1.new Transformer() {...},0,20,0,0,0,2,0,2,0,2,1,0.81,2,121.5,66,16,3080.25,11130.25,2500
Apache Commons Collections,org.apache.commons.collections4.multimap,AbstractMultiValuedMap.MultiValuedMapEntry,0,12,0,0,0,4,0,2,0,2,1,0.81,2,121,65.5,15.5,3080.25,11130.25,2500
Apache Commons Collections,org.apache.commons.collections4.multimap,AbstractListValuedMap,0,27,0,0,0,8,0,6,0,6,1,0.81,6,120.5,65,63,3080.25,3306.25,4
Apache Commons Collections,org.apache.commons.collections4.multimap,AbstractMultiValuedMap.KeysMultiSet.MapEntryTransformer.new AbstractMultiSet.AbstractEntry() {...},0,19,0,0,0,3,0,3,0,3,1,0.81,3,120,64.5,31.5,3080.25,7832.25,1089
Apache Commons Collections,org.apache.commons.collections4.multimap,AbstractMultiValuedMap.EntryValues.new LazyIteratorChain() {...},0,49,0,2,0,8,0,3,0,2,1,1,3,119.5,136.5,31,289,7832.25,11130.25
Apache Commons Collections,org.apache.commons.collections4.multimap,AbstractMultiValuedMap.WrappedCollection,101,131,19,15,31,33,17,16,6,10,0.564655172,0.441176471,33,16,15,145,1,16641,16900
Apache Commons Collections,org.apache.commons.collections4.multimap,AbstractMultiValuedMap.ValuesIterator,0,43,0,2,0,11,0,5,0,4,1,1,5,118,135,50.5,289,4556.25,7140.25
Apache Commons Collections,org.apache.commons.collections4.multimap,AbstractMultiValuedMap.KeysMultiSet,0,56,1,1,0,12,1,7,0,7,1,0.5,8,117.5,18.5,73,9801,1980.25,2970.25
Apache Commons Collections,org.apache.commons.collections4.multimap,AbstractMultiValuedMap.AsMap.AsMapEntrySet,0,50,0,2,0,11,0,7,0,6,1,1,7,117,133.5,66.5,272.25,2550.25,4489
Apache Commons Collections,org.apache.commons.collections4.multimap,AbstractMultiValuedMap.EntryValues,0,15,0,0,0,3,0,3,0,3,1,0.81,3,116.5,62,30.5,2970.25,7396,992.25
Apache Commons Collections,org.apache.commons.collections4.multimap,UnmodifiableMultiValuedMap,24,55,0,2,6,13,6,11,6,10,0.696202532,1,17,25,132,121,11449,9216,121
Apache Commons Collections,org.apache.commons.collections4.multimap,AbstractMultiValuedMap.MultiValuedMapIterator,27,39,5,1,7,11,5,5,2,5,0.590909091,0.166666667,10,19,12,82.5,49,4032.25,4970.25
Apache Commons Collections,org.apache.commons.collections4.multimap,AbstractMultiValuedMap.AsMap,0,90,0,8,0,24,0,15,0,11,1,1,15,114,130.5,112,272.25,4,342.25
Apache Commons Collections,org.apache.commons.collections4.multimap,AbstractMultiValuedMap.Values,0,40,0,2,0,9,0,5,0,4,1,1,5,113.5,130,49,272.25,4160.25,6561
Apache Commons Collections,org.apache.commons.collections4.multimap,AbstractSetValuedMap,0,27,0,0,0,8,0,6,0,6,1,0.81,6,113,60.5,57.5,2756.25,3080.25,9
Apache Commons Collections,org.apache.commons.collections4.multimap,AbstractMultiValuedMap.AsMap.AsMapEntrySetIterator,0,24,0,0,0,6,0,2,0,2,1,0.81,2,112.5,60,15,2756.25,9506.25,2025
Apache Commons Collections,org.apache.commons.collections4.multimap,AbstractMultiValuedMapDecorator,26,98,0,4,5,26,5,21,5,19,0.790322581,1,26,36,127.5,132,8372.25,9216,20.25
Apache Commons Collections,org.apache.commons.collections4.multimap,AbstractSetValuedMap.WrappedSet,0,37,0,4,0,12,0,5,0,3,1,1,5,111,127,47.5,256,4032.25,6320.25
Apache Commons Collections,org.apache.commons.collections4.set,UnmodifiableSet,0,45,0,2,0,13,0,10,0,9,1,1,10,110.5,126.5,78,256,1056.25,2352.25
Apache Commons Collections,org.apache.commons.collections4.set,UnmodifiableSortedSet,0,83,0,2,0,24,0,15,0,14,1,1,15,110,126,106.5,256,12.25,380.25
Apache Commons Collections,org.apache.commons.collections4.set,MapBackedSet,5,151,1,9,1,31,1,22,0,18,0.967948718,0.9,23,72,94,123.5,484,2652.25,870.25
Apache Commons Collections,org.apache.commons.collections4.set,ListOrderedSet.OrderedSetIterator,14,28,0,0,3,9,2,3,2,3,0.666666667,0.81,5,23,59.5,47,1332.25,576,156.25
Apache Commons Collections,org.apache.commons.collections4.set,TransformedSet,0,67,1,7,0,12,1,8,0,5,1,0.875,9,107.5,89,70.5,342.25,1369,342.25
Apache Commons Collections,org.apache.commons.collections4.set,AbstractSetDecorator,3,24,0,4,2,5,1,6,1,4,0.888888889,1,7,48.5,122.5,60,5476,132.25,3906.25
Apache Commons Collections,org.apache.commons.collections4.set,AbstractNavigableSetDecorator,39,28,0,0,9,7,8,6,8,6,0.417910448,0.81,14,9,59,99,2500,8100,1600
Apache Commons Collections,org.apache.commons.collections4.set,UnmodifiableNavigableSet,0,122,0,2,0,32,0,20,0,19,1,1,20,105,121,114.5,256,90.25,42.25
Apache Commons Collections,org.apache.commons.collections4.set,AbstractSerializableSetDecorator,0,19,0,0,0,8,0,3,0,3,1,0.81,3,104.5,58.5,29,2116,5700.25,870.25
Apache Commons Collections,org.apache.commons.collections4.set,PredicatedSet,0,31,0,4,0,6,0,7,0,5,1,1,7,104,119.5,58.5,240.25,2070.25,3721
Apache Commons Collections,org.apache.commons.collections4.set,CompositeSet,23,455,5,59,6,109,7,51,2,24,0.951882845,0.921875,58,62,92,131,900,4761,1521
Apache Commons Collections,org.apache.commons.collections4.set,ListOrderedSet,10,298,3,33,2,78,3,37,0,22,0.967532468,0.916666667,40,67,90.5,126,552.25,3481,1260.25
Apache Commons Collections,org.apache.commons.collections4.set,TransformedSortedSet,44,60,4,0,8,12,4,8,2,8,0.576923077,0,12,16,6,85.5,100,4830.25,6320.25
Apache Commons Collections,org.apache.commons.collections4.set,AbstractSortedSetDecorator,19,20,0,0,5,6,4,5,4,5,0.512820513,0.81,9,13,57,67,1936,2916,100
Apache Commons Collections,org.apache.commons.collections4.set,PredicatedNavigableSet,15,74,0,0,3,15,3,11,3,11,0.831460674,0.81,14,38,56.5,94.5,342.25,3192.25,1444
Apache Commons Collections,org.apache.commons.collections4.set,PredicatedSortedSet,0,64,0,0,0,13,0,9,0,9,1,0.81,9,98.5,56,66.5,1806.25,1024,110.25
Apache Commons Collections,org.apache.commons.collections4.set,TransformedNavigableSet,55,74,4,0,10,15,6,11,4,11,0.573643411,0,17,14,5.5,102.5,72.25,7832.25,9409
Apache Commons Collections,org.apache.commons.collections4.iterators,EnumerationIterator,36,29,4,0,11,10,6,4,4,4,0.446153846,0,10,10,5,70.5,25,3660.25,4290.25
Apache Commons Collections,org.apache.commons.collections4.iterators,IteratorChain,84,154,6,14,13,43,8,16,4,10,0.647058824,0.7,24,15,22.5,111,56.25,9216,7832.25
Apache Commons Collections,org.apache.commons.collections4.iterators,EmptyMapIterator,0,10,0,0,0,4,0,3,0,3,1,0.81,3,95,52.5,28.5,1806.25,4422.25,576
Apache Commons Collections,org.apache.commons.collections4.iterators,SingletonIterator,0,75,0,14,0,22,0,13,0,6,1,1,13,94.5,109,87,210.25,56.25,484
Apache Commons Collections,org.apache.commons.collections4.iterators,ObjectArrayIterator,6,105,0,12,2,27,2,14,2,8,0.945945946,1,16,53,108.5,97,3080.25,1936,132.25
Apache Commons Collections,org.apache.commons.collections4.iterators,FilterIterator,17,98,1,13,5,32,4,14,3,8,0.852173913,0.928571429,18,36,85.5,100,2450.25,4096,210.25
Apache Commons Collections,org.apache.commons.collections4.iterators,SkippingIterator,0,60,0,8,0,17,0,8,0,4,1,1,8,92,107,61.5,225,930.25,2070.25
Apache Commons Collections,org.apache.commons.collections4.iterators,IteratorIterable,0,44,1,5,0,12,1,6,0,4,1,0.833333333,7,91.5,76.5,57,225,1190.25,380.25
Apache Commons Collections,org.apache.commons.collections4.iterators,ReverseListIterator,10,100,2,6,2,31,2,13,0,11,0.909090909,0.75,15,45,25,91,400,2116,4356
Apache Commons Collections,org.apache.commons.collections4.iterators,AbstractListIteratorDecorator,5,49,1,1,1,17,1,11,0,11,0.907407407,0.5,12,44,14,79,900,1225,4225
Apache Commons Collections,org.apache.commons.collections4.iterators,EmptyIterator,0,14,0,0,0,6,0,4,0,4,1,0.81,4,89,50,36,1521,2809,196
Apache Commons Collections,org.apache.commons.collections4.iterators,AbstractUntypedIteratorDecorator,5,19,1,1,1,8,1,4,0,4,0.791666667,0.5,5,29,13.5,43.5,240.25,210.25,900
Apache Commons Collections,org.apache.commons.collections4.iterators,TransformIterator,23,28,0,0,11,9,6,5,6,5,0.549019608,0.81,11,12,48.5,71,1332.25,3481,506.25
Apache Commons Collections,org.apache.commons.collections4.iterators,ArrayListIterator,5,113,0,8,1,25,1,14,1,10,0.957627119,1,15,50,100.5,86.5,2550.25,1332.25,196
Apache Commons Collections,org.apache.commons.collections4.iterators,UnmodifiableOrderedMapIterator,0,59,0,4,0,17,0,12,0,10,1,1,12,85.5,100,75.5,210.25,100,600.25
Apache Commons Collections,org.apache.commons.collections4.iterators,LoopingIterator,0,56,0,8,0,17,0,10,0,6,1,1,10,85,99.5,65,210.25,400,1190.25
Apache Commons Collections,org.apache.commons.collections4.iterators,EmptyOrderedMapIterator,0,10,0,0,0,4,0,3,0,3,1,0.81,3,84.5,48,28,1332.25,3192.25,400
Apache Commons Collections,org.apache.commons.collections4.iterators,NodeListIterator,7,71,3,9,1,15,3,8,0,5,0.91025641,0.75,11,42,22.5,68.5,380.25,702.25,2116
Apache Commons Collections,org.apache.commons.collections4.iterators,AbstractEmptyMapIterator,0,18,0,0,0,5,0,4,0,4,1,0.81,4,83,46.5,34.5,1332.25,2352.25,144
Apache Commons Collections,org.apache.commons.collections4.iterators,AbstractIteratorDecorator,0,8,0,0,0,3,0,2,0,2,1,0.81,2,82.5,46,14.5,1332.25,4624,992.25
Apache Commons Collections,org.apache.commons.collections4.iterators,ObjectGraphIterator,0,195,0,30,0,56,0,23,0,8,1,1,23,82,95,92,169,100,9
Apache Commons Collections,org.apache.commons.collections4.iterators,UnmodifiableIterator,0,38,0,4,0,12,0,7,0,5,1,1,7,81.5,94.5,51.5,169,900,1849
Apache Commons Collections,org.apache.commons.collections4.iterators,IteratorIterable.new Iterator() {...},4,14,0,0,2,3,1,3,1,3,0.777777778,0.81,4,26,45.5,33,380.25,49,156.25
Apache Commons Collections,org.apache.commons.collections4.iterators,LazyIteratorChain,0,99,0,12,0,28,0,11,0,5,1,1,11,80,93,64,169,256,841
Apache Commons Collections,org.apache.commons.collections4.iterators,AbstractMapIteratorDecorator,41,0,2,0,13,0,9,0,8,0,0,0,9,2,4.5,56,6.25,2916,2652.25
Apache Commons Collections,org.apache.commons.collections4.iterators,AbstractOrderedMapIteratorDecorator,49,0,2,0,15,0,11,0,10,0,0,0,11,1.5,4,62.5,6.25,3721,3422.25
Apache Commons Collections,org.apache.commons.collections4.iterators,UnmodifiableListIterator,0,64,0,4,0,18,0,13,0,11,1,1,13,77.5,90.5,69.5,169,64,441
Apache Commons Collections,org.apache.commons.collections4.iterators,LoopingListIterator,16,137,3,21,4,39,4,21,1,12,0.895424837,0.875,25,37,65.5,87,812.25,2500,462.25
Apache Commons Collections,org.apache.commons.collections4.iterators,BoundedIterator,5,117,1,17,1,31,1,14,0,6,0.959016393,0.944444444,15,45,73,74,784,841,1
Apache Commons Collections,org.apache.commons.collections4.iterators,PeekingIterator,12,123,3,21,4,35,3,17,0,8,0.911111111,0.875,20,38,65,81,729,1849,256
Apache Commons Collections,org.apache.commons.collections4.iterators,SingletonListIterator,0,127,2,26,0,32,2,23,0,11,1,0.928571429,25,74,70,84.5,16,110.25,210.25
Apache Commons Collections,org.apache.commons.collections4.iterators,UnmodifiableMapIterator,0,51,0,4,0,15,0,10,0,8,1,1,10,73.5,86,58.5,156.25,225,756.25
Apache Commons Collections,org.apache.commons.collections4.iterators,EmptyListIterator,2,12,0,0,1,5,1,3,1,3,0.857142857,0.81,4,31,43,32.5,144,2.25,110.25
Apache Commons Collections,org.apache.commons.collections4.iterators,FilterListIterator,68,191,6,30,18,58,15,24,9,12,0.737451737,0.833333333,39,20,63,86.5,1849,4422.25,552.25
Apache Commons Collections,org.apache.commons.collections4.iterators,CollatingIterator,79,322,9,39,18,87,10,36,4,18,0.802992519,0.8125,46,25,62,90,1369,4225,784
Apache Commons Collections,org.apache.commons.collections4.iterators,ZippingIterator,5,134,1,13,1,34,1,12,0,6,0.964028777,0.928571429,13,41,66.5,67,650.25,676,0.25
Apache Commons Collections,org.apache.commons.collections4.iterators,UniqueFilterIterator,0,5,0,0,0,2,0,1,0,1,1,0.81,1,69,42.5,3,702.25,4356,1560.25
Apache Commons Collections,org.apache.commons.collections4.iterators,PermutationIterator,0,262,0,34,0,45,0,21,0,4,1,1,21,68.5,80.5,78,144,90.25,6.25
Apache Commons Collections,org.apache.commons.collections4.iterators,PushbackIterator,12,50,3,5,3,12,3,7,0,6,0.806451613,0.625,10,25,16.5,56,72.25,961,1560.25
Apache Commons Collections,org.apache.commons.collections4.iterators,IteratorEnumeration,7,17,0,0,4,6,2,4,2,4,0.708333333,0.81,6,14,41,44,729,900,9
Apache Commons Collections,org.apache.commons.collections4.iterators,EntrySetMapIterator,121,0,10,0,31,0,14,0,9,0,0,0,14,1,3.5,66,6.25,4225,3906.25
Apache Commons Collections,org.apache.commons.collections4.iterators,EmptyOrderedIterator,0,10,0,0,0,4,0,3,0,3,1,0.81,3,65,39.5,25.5,650.25,1560.25,196
Apache Commons Collections,org.apache.commons.collections4.iterators,ArrayIterator,9,122,0,10,3,28,3,13,3,8,0.93129771,1,16,34,76,67.5,1764,1122.25,72.25
Apache Commons Collections,org.apache.commons.collections4.iterators,AbstractEmptyIterator,0,37,0,0,0,12,0,11,0,11,1,0.81,11,63.5,39,56,600.25,56.25,289
Apache Commons Collections,org.apache.commons.collections4.iterators,ListIteratorWrapper,41,253,8,32,11,61,8,23,2,9,0.860544218,0.8,31,27,20.5,75,42.25,2304,2970.25
Apache Commons Collections,org.apache.commons.collections4.iterators,ObjectArrayListIterator,6,112,0,8,3,23,1,14,1,10,0.949152542,1,15,34,73.5,64.5,1560.25,930.25,81
Apache Commons Collections,org.apache.commons.collections4,PredicateUtils,12,98,0,0,5,26,5,24,5,24,0.890909091,0.81,29,29,37.5,73,72.25,1936,1260.25
Apache Commons Collections,org.apache.commons.collections4,FunctorException,8,8,0,0,4,4,2,2,2,2,0.5,0.81,4,7.5,37,30,870.25,506.25,49
Apache Commons Collections,org.apache.commons.collections4,EnumerationUtils,0,53,0,6,0,13,0,6,0,3,1,1,6,59,71,41.5,144,306.25,870.25
Apache Commons Collections,org.apache.commons.collections4,BagUtils,8,39,0,0,3,11,3,9,3,9,0.829787234,0.81,12,23,36.5,56,182.25,1089,380.25
Apache Commons Collections,org.apache.commons.collections4,IterableUtils.2.new LazyIteratorChain() {...},0,23,0,2,0,4,0,3,0,2,1,1,3,57.5,69.5,25,144,1056.25,1980.25
Apache Commons Collections,org.apache.commons.collections4,ListUtils.LcsVisitor,0,19,0,0,0,8,0,5,0,5,1,0.81,5,57,36,34,441,529,4
Apache Commons Collections,org.apache.commons.collections4,SetUtils,40,155,1,31,12,36,13,26,12,11,0.794871795,0.96875,39,21,58,69,1369,2304,121
Apache Commons Collections,org.apache.commons.collections4,ComparatorUtils,16,98,4,14,4,25,5,15,1,10,0.859649123,0.777777778,20,23,19,64.5,16,1722.25,2070.25
Apache Commons Collections,org.apache.commons.collections4,IterableUtils.UnmodifiableIterable,0,11,0,0,0,4,0,2,0,2,1,0.81,2,54.5,34.5,13,400,1722.25,462.25
Apache Commons Collections,org.apache.commons.collections4,FluentIterable,0,190,0,4,0,45,0,36,0,34,1,1,36,54,65,66,121,144,1
Apache Commons Collections,org.apache.commons.collections4,SetUtils.new SetUtils.SetView() {...},12,41,4,0,1,4,3,4,1,4,0.773584906,0,7,19,3,41,256,484,1444
Apache Commons Collections,org.apache.commons.collections4,SetUtils.new SetUtils.SetView() {...},0,33,0,4,0,3,0,5,0,3,1,1,5,52.5,63.5,32.5,121,400,961
Apache Commons Collections,org.apache.commons.collections4,SetUtils.new Predicate() {...},0,11,0,0,0,2,0,2,0,2,1,0.81,2,52,33,12.5,361,1560.25,420.25
Apache Commons Collections,org.apache.commons.collections4,SetUtils.new SetUtils.SetView() {...},0,33,0,4,0,3,0,5,0,3,1,1,5,51.5,62,31,110.25,420.25,961
Apache Commons Collections,org.apache.commons.collections4,SetUtils.new Predicate() {...},0,15,0,2,0,2,0,3,0,2,1,1,3,51,61.5,22.5,110.25,812.25,1521
Apache Commons Collections,org.apache.commons.collections4,SetUtils.new SetUtils.SetView() {...},13,41,5,3,1,4,4,5,1,4,0.759259259,0.375,9,18,5,41.5,169,552.25,1332.25
Apache Commons Collections,org.apache.commons.collections4,CollectionUtils.SetOperationCardinalityHelper,0,48,0,2,0,11,0,5,0,4,1,1,5,49.5,60,29.5,110.25,400,930.25
Apache Commons Collections,org.apache.commons.collections4,IterableUtils.7.new LazyIteratorChain() {...},0,18,0,2,0,4,0,3,0,2,1,1,3,49,59.5,22,110.25,729,1406.25
Apache Commons Collections,org.apache.commons.collections4,IteratorUtils,249,626,42,100,58,168,44,97,16,54,0.715428571,0.704225352,141,13,15,63,4,2500,2304
Apache Commons Collections,org.apache.commons.collections4,SetUtils.SetView,16,11,0,0,5,3,2,3,2,3,0.407407407,0.81,5,5,30.5,28,650.25,529,6.25
Apache Commons Collections,org.apache.commons.collections4,ClosureUtils,0,112,0,4,0,28,0,18,0,16,1,1,18,46.5,57,52.5,110.25,36,20.25
Apache Commons Collections,org.apache.commons.collections4,ArrayUtils,22,38,7,9,6,9,6,6,1,3,0.633333333,0.5625,12,8,11,43.5,9,1260.25,1056.25
Apache Commons Collections,org.apache.commons.collections4,SplitMapUtils,13,32,3,7,3,8,3,4,0,2,0.711111111,0.7,7,10,13,33.5,9,552.25,420.25
Apache Commons Collections,org.apache.commons.collections4,IterableUtils.new FluentIterable() {...},0,13,0,0,0,2,0,2,0,2,1,0.81,2,44,28,12,256,1024,256
Apache Commons Collections,org.apache.commons.collections4,IterableUtils.new FluentIterable() {...},0,17,0,0,0,2,0,2,0,2,1,0.81,2,43.5,27.5,11.5,256,1024,256
Apache Commons Collections,org.apache.commons.collections4,IterableUtils.new FluentIterable() {...},0,44,0,2,0,6,0,3,0,2,1,1,3,43,52.5,19.5,90.25,552.25,1089
Apache Commons Collections,org.apache.commons.collections4,IterableUtils.new FluentIterable() {...},0,16,0,0,0,2,0,2,0,2,1,0.81,2,42.5,27,11,240.25,992.25,256
Apache Commons Collections,org.apache.commons.collections4,IterableUtils.new FluentIterable() {...},0,11,0,0,0,2,0,2,0,2,1,0.81,2,42,26.5,10.5,240.25,992.25,256
Apache Commons Collections,org.apache.commons.collections4,IterableUtils.new FluentIterable() {...},0,16,0,0,0,2,0,2,0,2,1,0.81,2,41.5,26,10,240.25,992.25,256
Apache Commons Collections,org.apache.commons.collections4,IterableUtils.new FluentIterable() {...},0,16,0,0,0,2,0,2,0,2,1,0.81,2,41,25.5,9.5,240.25,992.25,256
Apache Commons Collections,org.apache.commons.collections4,IterableUtils.new FluentIterable() {...},0,22,0,0,0,2,0,2,0,2,1,0.81,2,40.5,25,9,240.25,992.25,256
Apache Commons Collections,org.apache.commons.collections4,CollectionUtils,44,1420,20,250,9,337,19,184,0,68,0.969945355,0.925925926,203,27,38,52,121,625,196
Apache Commons Collections,org.apache.commons.collections4,IterableUtils.new FluentIterable() {...},0,18,0,0,0,2,0,2,0,2,1,0.81,2,39,24.5,8.5,210.25,930.25,256
Apache Commons Collections,org.apache.commons.collections4,IterableUtils.new FluentIterable() {...},0,11,0,0,0,2,0,2,0,2,1,0.81,2,38.5,24,8,210.25,930.25,256
Apache Commons Collections,org.apache.commons.collections4,IterableUtils.new FluentIterable() {...},0,5,0,0,0,2,0,2,0,2,1,0.81,2,38,23.5,7.5,210.25,930.25,256
Apache Commons Collections,org.apache.commons.collections4,MultiMapUtils,29,77,4,16,8,22,8,14,4,8,0.726415094,0.8,22,11,14,41,9,900,729
Apache Commons Collections,org.apache.commons.collections4,TrieUtils,0,3,0,0,0,1,0,1,0,1,1,0.81,1,36.5,22,2.5,210.25,1156,380.25
Apache Commons Collections,org.apache.commons.collections4,IterableUtils,58,526,3,59,7,120,7,68,4,40,0.900684932,0.951612903,75,18,35,45,289,729,100
Apache Commons Collections,org.apache.commons.collections4,ArrayStack,23,70,6,10,6,24,6,10,2,6,0.752688172,0.625,16,12,12,36,0,576,576
Apache Commons Collections,org.apache.commons.collections4,FactoryUtils,0,21,0,0,0,6,0,6,0,6,1,0.81,6,34,20.5,19,182.25,225,2.25
Apache Commons Collections,org.apache.commons.collections4,MapUtils,79,1014,10,178,21,285,23,145,15,59,0.927721866,0.946808511,168,18,32,43,196,625,121
Apache Commons Collections,org.apache.commons.collections4,CollectionUtils.EquatorWrapper,2,32,1,1,1,9,1,4,0,4,0.941176471,0.5,5,18,8,15.5,100,6.25,56.25
Apache Commons Collections,org.apache.commons.collections4,IterableUtils.new FluentIterable() {...},0,16,0,0,0,2,0,2,0,2,1,0.81,2,31.5,19,6,156.25,650.25,169
Apache Commons Collections,org.apache.commons.collections4,IterableUtils.new FluentIterable() {...},4,20,1,1,0,4,1,2,0,2,0.833333333,0.5,3,14,7.5,9,42.25,25,2.25
Apache Commons Collections,org.apache.commons.collections4,ListUtils,48,376,8,66,9,90,12,48,5,18,0.886792453,0.891891892,60,14,25,39,121,625,196
Apache Commons Collections,org.apache.commons.collections4,QueueUtils,0,22,0,0,0,6,0,6,0,6,1,0.81,6,29,17.5,15.5,132.25,182.25,4
Apache Commons Collections,org.apache.commons.collections4,ListUtils.Partition,34,48,2,2,3,11,3,3,1,3,0.585365854,0.5,6,7,7,15,0,64,64
Apache Commons Collections,org.apache.commons.collections4,MultiSetUtils,0,18,0,0,0,6,0,5,0,5,1,0.81,5,27.5,16,13,132.25,210.25,9
Apache Commons Collections,org.apache.commons.collections4,CollectionUtils.new Transformer() {...},0,13,0,0,0,2,0,2,0,2,1,0.81,2,27,15.5,5.5,132.25,462.25,100
Apache Commons Collections,org.apache.commons.collections4,CollectionUtils.new Transformer() {...},0,13,0,0,0,2,0,2,0,2,1,0.81,2,26.5,15,5,132.25,462.25,100
Apache Commons Collections,org.apache.commons.collections4,CollectionUtils.new Transformer() {...},0,13,0,0,0,2,0,2,0,2,1,0.81,2,26,14.5,4.5,132.25,462.25,100
Apache Commons Collections,org.apache.commons.collections4,ListUtils.CharSequenceAsList,0,16,0,0,0,5,0,3,0,3,1,0.81,3,25.5,14,5.5,132.25,400,72.25
Apache Commons Collections,org.apache.commons.collections4,MapUtils.new AbstractMapDecorator() {...},0,4,0,0,0,1,0,1,0,1,1,0.81,1,25,13.5,2,132.25,529,132.25
Apache Commons Collections,org.apache.commons.collections4,MapUtils.new AbstractSortedMapDecorator() {...},0,4,0,0,0,1,0,1,0,1,1,0.81,1,24.5,13,1.5,132.25,529,132.25
Apache Commons Collections,org.apache.commons.collections4,SplitMapUtils.WrappedGet,30,79,4,4,6,17,8,12,4,12,0.724770642,0.5,20,9,6.5,25,6.25,256,342.25
Apache Commons Collections,org.apache.commons.collections4,TransformerUtils,0,137,0,4,0,34,0,25,0,23,1,1,25,23,23,25,0,4,4
Apache Commons Collections,org.apache.commons.collections4,CollectionUtils.CardinalityHelper,0,51,0,2,0,12,0,7,0,6,1,1,7,22.5,22.5,8,0,210.25,210.25
Apache Commons Collections,org.apache.commons.collections4,SplitMapUtils.WrappedPut,3,82,3,3,1,20,3,15,0,15,0.964705882,0.5,18,15,6,23,81,64,289
Apache Commons Collections,org.apache.commons.collections4.multiset,AbstractMapMultiSet.MutableInteger,18,6,4,0,4,3,4,1,2,1,0.25,0,5,2,2.5,6.5,0.25,20.25,16
Apache Commons Collections,org.apache.commons.collections4.multiset,AbstractMapMultiSet.UniqueSetIterator,0,53,0,2,0,16,0,4,0,3,1,1,4,20,20,4.5,0,240.25,240.25
Apache Commons Collections,org.apache.commons.collections4.multiset,SynchronizedMultiSet.SynchronizedSet,0,5,0,0,0,2,0,1,0,1,1,0.81,1,19.5,9.5,1,100,342.25,72.25
Apache Commons Collections,org.apache.commons.collections4.multiset,AbstractMultiSet.EntrySet,61,10,10,0,16,4,8,2,3,2,0.14084507,0,10,1,2,9.5,1,72.25,56.25
Apache Commons Collections,org.apache.commons.collections4.multiset,AbstractMultiSetDecorator,29,29,0,4,7,6,6,7,6,5,0.5,1,13,4,17.5,14.5,182.25,110.25,9
Apache Commons Collections,org.apache.commons.collections4.multiset,AbstractMultiSet.AbstractEntry,45,19,12,0,9,2,8,2,2,2,0.296875,0,10,1,1.5,9,0.25,64,56.25
Apache Commons Collections,org.apache.commons.collections4.multiset,HashMultiSet,0,30,0,0,0,12,0,4,0,4,1,0.81,4,16,7,3,81,169,16
Apache Commons Collections,org.apache.commons.collections4.multiset,SynchronizedMultiSet,36,97,0,2,7,19,3,10,3,9,0.729323308,1,13,5,15,12,100,49,9
Apache Commons Collections,org.apache.commons.collections4.multiset,AbstractMapMultiSet.MapBasedMultiSetIterator,4,112,1,13,1,26,1,10,0,4,0.965517241,0.928571429,11,10,11,8.5,1,2.25,6.25
Apache Commons Collections,org.apache.commons.collections4.multiset,AbstractMapMultiSet,14,425,5,43,3,101,5,40,0,21,0.968109339,0.895833333,45,10,9,15,1,25,36
Apache Commons Collections,org.apache.commons.collections4.multiset,AbstractMultiSet.UniqueSet,0,41,0,2,0,10,0,8,0,7,1,1,8,12.5,12.5,5,0,56.25,56.25
Apache Commons Collections,org.apache.commons.collections4.multiset,AbstractMapMultiSet.MultiSetEntry,0,16,0,0,0,5,0,3,0,3,1,0.81,3,12,6.5,2,30.25,100,20.25
Apache Commons Collections,org.apache.commons.collections4.multiset,AbstractMultiSet.MultiSetIterator,29,55,4,6,8,13,3,6,1,3,0.654761905,0.6,9,4,3,5,1,1,4
Apache Commons Collections,org.apache.commons.collections4.multiset,AbstractMultiSet.new Transformer() {...},0,9,0,0,0,2,0,2,0,2,1,0.81,2,10.5,5,1,30.25,90.25,16
Apache Commons Collections,org.apache.commons.collections4.multiset,PredicatedMultiSet,13,55,0,4,3,11,2,11,2,9,0.808823529,1,13,5,9,6.5,16,2.25,6.25
Apache Commons Collections,org.apache.commons.collections4.multiset,AbstractMapMultiSet.EntrySetIterator,18,34,2,0,6,10,2,3,1,3,0.653846154,0,5,3,1,1,4,4,0
Apache Commons Collections,org.apache.commons.collections4.multiset,AbstractMultiSet,179,131,27,19,44,33,24,21,9,13,0.422580645,0.413043478,45,2,1,8.5,1,42.25,56.25
Apache Commons Collections,org.apache.commons.collections4.multiset,UnmodifiableMultiSet,19,67,0,2,5,21,4,13,4,12,0.779069767,1,17,2,6.5,7,20.25,25,0.25
Apache Commons Collections,org.apache.commons.collections4.queue,SynchronizedQueue,5,97,0,2,2,20,1,11,1,10,0.950980392,1,12,4,6,4,4,0,4
Apache Commons Collections,org.apache.commons.collections4.queue,AbstractQueueDecorator,20,12,0,0,6,4,5,3,5,3,0.375,0.81,8,1,2.5,1.5,2.25,0.25,1
Apache Commons Collections,org.apache.commons.collections4.queue,TransformedQueue,0,78,1,3,0,16,1,10,0,9,1,0.75,11,4,1,2,9,4,1
Apache Commons Collections,org.apache.commons.collections4.queue,CircularFifoQueue.new Iterator() {...},0,192,0,18,0,32,0,13,0,4,1,1,13,3.5,3.5,2,0,2.25,2.25
Apache Commons Collections,org.apache.commons.collections4.queue,CircularFifoQueue,27,337,4,44,6,86,5,40,1,20,0.925824176,0.916666667,45,2,2,3,0,1,1
Apache Commons Collections,org.apache.commons.collections4.queue,PredicatedQueue,0,39,0,0,0,10,0,8,0,8,1,0.81,8,2,1,1,1,1,0
Apache Commons Collections,org.apache.commons.collections4.queue,UnmodifiableQueue,8,64,0,2,2,20,2,13,2,12,0.888888889,1,15,1,1,1,0,0,0
,,,,,,,,,,,,,,,,,,,3165543.5,7069477.75,5326572.75
,,,,,,,,,,,,,,,,,,Spearman,0.820519176,0.599172877,0.697992567
,,,,,,,,,,,,,,,,,,Pearson,0.611347306,-0.031026883,-0.002521013
